id_bigger,id_smaller,num_modif_sites,diff_formula,weight_bigger,weight_smaller,difference,adduct,msmassanalyzer
CCMSLIB00000851650,CCMSLIB00000845014,1,C1O1,359.149,331.154,27.995000000000005,[M+H]1+,qtof
CCMSLIB00000848934,CCMSLIB00000845038,1,O1,345.133,329.138,15.995000000000005,[M+H]1+,qtof
CCMSLIB00000853947,CCMSLIB00000845038,1,O1,345.133,329.138,15.995000000000005,[M+H]1+,qtof
CCMSLIB00000846078,CCMSLIB00000845048,1,C1H2,401.253,387.237,14.015999999999963,[M+H]1+,qtof
CCMSLIB00000845389,CCMSLIB00000845051,1,C5H8,325.143,257.081,68.06199999999995,[M+H]1+,qtof
CCMSLIB00000845594,CCMSLIB00000845051,1,O1,273.075,257.081,15.993999999999971,[M+H]1+,qtof
CCMSLIB00000845714,CCMSLIB00000845051,1,C1H2,271.096,257.081,14.014999999999986,[M+H]1+,qtof
CCMSLIB00000846005,CCMSLIB00000845051,1,C1H2O1,287.091,257.081,30.00999999999999,[M+H]1+,qtof
CCMSLIB00000846117,CCMSLIB00000845051,1,C1H2O1,287.091,257.081,30.00999999999999,[M+H]1+,qtof
CCMSLIB00000847382,CCMSLIB00000845051,1,C1H2,271.096,257.081,14.014999999999986,[M+H]1+,qtof
CCMSLIB00000847461,CCMSLIB00000845051,1,C7H6O2,379.117,257.081,122.036,[M+H]1+,qtof
CCMSLIB00000847090,CCMSLIB00000845054,1,C1H2O1,335.112,305.102,30.010000000000048,[M+H]1+,qtof
CCMSLIB00000847554,CCMSLIB00000845054,1,C5H6O1,387.144,305.102,82.04200000000003,[M+H]1+,qtof
CCMSLIB00000848343,CCMSLIB00000845054,1,C5H6O1,387.144,305.102,82.04200000000003,[M+H]1+,qtof
CCMSLIB00000848936,CCMSLIB00000845054,1,C5H8O1,389.159,305.102,84.05700000000002,[M+H]1+,qtof
CCMSLIB00005721737,CCMSLIB00000845054,1,C5H8O1,389.161,305.102,84.05900000000003,[M+H]1+,qtof
CCMSLIB00005721860,CCMSLIB00000845054,1,C5H6O1,387.144,305.102,82.04200000000003,[M+H]1+,qtof
CCMSLIB00000845060,CCMSLIB00000845056,1,C6H10O4,595.165,449.108,146.05699999999996,[M+H]1+,qtof
CCMSLIB00000845303,CCMSLIB00000845056,1,O1,465.102,449.108,15.993999999999971,[M+H]1+,qtof
CCMSLIB00000846155,CCMSLIB00000845056,1,C6H10O4,595.165,449.108,146.05699999999996,[M+H]1+,qtof
CCMSLIB00000846403,CCMSLIB00000845056,1,C6H10O4,595.165,449.108,146.05699999999996,[M+H]1+,qtof
CCMSLIB00000846803,CCMSLIB00000845056,1,H-2O1,463.087,449.108,13.978999999999985,[M+H]1+,qtof
CCMSLIB00000846944,CCMSLIB00000845056,1,C5H8O4,581.15,449.108,132.04199999999997,[M+H]1+,qtof
CCMSLIB00000848126,CCMSLIB00000845056,1,C6H10O5,611.16,449.108,162.05199999999996,[M+H]1+,qtof
CCMSLIB00000848249,CCMSLIB00000845056,1,O1,465.102,449.108,15.993999999999971,[M+H]1+,qtof
CCMSLIB00000848318,CCMSLIB00000845056,1,C7H4O4,601.119,449.108,152.01100000000002,[M+H]1+,qtof
CCMSLIB00000848486,CCMSLIB00000845056,1,C1H2O1,479.118,449.108,30.00999999999999,[M+H]1+,qtof
CCMSLIB00000848930,CCMSLIB00000845056,1,C5H8O4,581.15,449.108,132.04199999999997,[M+H]1+,qtof
CCMSLIB00000848960,CCMSLIB00000845056,1,C6H10O4,595.165,449.108,146.05699999999996,[M+H]1+,qtof
CCMSLIB00000849018,CCMSLIB00000845056,1,C9H6O2,595.144,449.108,146.036,[M+H]1+,qtof
CCMSLIB00005721451,CCMSLIB00000845056,1,C7H4O4,601.119,449.108,152.01100000000002,[M+H]1+,qtof
CCMSLIB00005721600,CCMSLIB00000845056,1,C6H10O4,595.168,449.108,146.06,[M+H]1+,qtof
CCMSLIB00000846026,CCMSLIB00000845058,1,C1H2,493.097,479.082,14.014999999999986,[M+H]1+,qtof
CCMSLIB00000846826,CCMSLIB00000845059,1,C6H10O4,625.212,479.155,146.05700000000002,[M+H]1+,qtof
CCMSLIB00005721397,CCMSLIB00000845059,1,C6H10O4,625.213,479.155,146.058,[M+H]1+,qtof
CCMSLIB00000845189,CCMSLIB00000845060,1,C6H10O5,757.218,595.165,162.053,[M+H]1+,qtof
CCMSLIB00000845612,CCMSLIB00000845060,1,C6H10O4,741.223,595.165,146.058,[M+H]1+,qtof
CCMSLIB00000845828,CCMSLIB00000845060,1,C6H10O4,741.223,595.165,146.058,[M+H]1+,qtof
CCMSLIB00000846111,CCMSLIB00000845060,1,C6H10O5,757.218,595.165,162.053,[M+H]1+,qtof
CCMSLIB00000846710,CCMSLIB00000845060,1,C6H10O4,741.223,595.165,146.058,[M+H]1+,qtof
CCMSLIB00000846809,CCMSLIB00000845060,1,C6H10O4,741.223,595.165,146.058,[M+H]1+,qtof
CCMSLIB00000847164,CCMSLIB00000845060,1,C1H2O1,625.176,595.165,30.01100000000008,[M+H]1+,qtof
CCMSLIB00000847463,CCMSLIB00000845060,1,C6H10O5,757.218,595.165,162.053,[M+H]1+,qtof
CCMSLIB00000847608,CCMSLIB00000845060,1,C1H2O1,625.176,595.165,30.01100000000008,[M+H]1+,qtof
CCMSLIB00000848355,CCMSLIB00000845060,1,O1,611.16,595.165,15.995000000000005,[M+H]1+,qtof
CCMSLIB00000848846,CCMSLIB00000845060,1,O1,611.16,595.165,15.995000000000005,[M+H]1+,qtof
CCMSLIB00005721775,CCMSLIB00000845060,1,C6H10O5,757.222,595.165,162.05700000000002,[M+H]1+,qtof
CCMSLIB00000847752,CCMSLIB00000845063,1,C6H10O4,465.102,319.045,146.05699999999996,[M+H]1+,qtof
CCMSLIB00005721467,CCMSLIB00000845063,1,C6H10O4,465.103,319.045,146.058,[M+H]1+,qtof
CCMSLIB00000845727,CCMSLIB00000845068,1,C1H2,477.139,463.123,14.01600000000002,[M+H]1+,qtof
CCMSLIB00000845074,CCMSLIB00000845072,1,C1O2,371.112,327.122,43.99000000000001,[M+H]1+,qtof
CCMSLIB00000848320,CCMSLIB00000845072,1,H-1Cl1,361.083,327.122,33.96100000000001,[M+H]1+,qtof
CCMSLIB00005721525,CCMSLIB00000845072,1,H-1Cl1,361.083,327.122,33.96100000000001,[M+H]1+,qtof
CCMSLIB00000845080,CCMSLIB00000845075,1,H-1Cl1,429.006,395.044,33.96199999999999,[M+H]1+,qtof
CCMSLIB00000848640,CCMSLIB00000845082,1,O1,481.316,465.321,15.994999999999948,[M+H]1+,qtof
CCMSLIB00000847478,CCMSLIB00000845108,1,C2H4,314.248,286.216,28.031999999999982,[M+H]1+,qtof
CCMSLIB00000847479,CCMSLIB00000845108,1,C4H8,342.279,286.216,56.06299999999999,[M+H]1+,qtof
CCMSLIB00000846563,CCMSLIB00000845116,1,C8H12O3,795.437,639.358,156.07900000000006,[M+H]1+,qtof
CCMSLIB00000846625,CCMSLIB00000845116,1,C2H2O1,681.369,639.358,42.01100000000008,[M+H]1+,qtof
CCMSLIB00000848596,CCMSLIB00000845116,1,C6H10O2,753.426,639.358,114.0680000000001,[M+H]1+,qtof
CCMSLIB00000848686,CCMSLIB00000845116,1,C7H10O3,781.421,639.358,142.0630000000001,[M+H]1+,qtof
CCMSLIB00000848276,CCMSLIB00000845128,1,H-1Cl1,417.014,383.053,33.96100000000001,[M+H]1+,qtof
CCMSLIB00000847155,CCMSLIB00000845134,1,H-2O1,435.128,421.149,13.978999999999985,[M+H]1+,qtof
CCMSLIB00000848956,CCMSLIB00000845149,1,C5H8,421.164,353.102,68.06200000000001,[M+H]1+,qtof
CCMSLIB00000848252,CCMSLIB00000845158,1,C1H2,609.181,595.165,14.016000000000076,[M+H]1+,qtof
CCMSLIB00000845944,CCMSLIB00000845164,1,C1H2O1,237.075,207.065,30.00999999999999,[M+H]1+,qtof
CCMSLIB00000847015,CCMSLIB00000845164,1,C5H8,275.128,207.065,68.06299999999999,[M+H]1+,qtof
CCMSLIB00000847453,CCMSLIB00000845164,1,C1H2O1,237.075,207.065,30.00999999999999,[M+H]1+,qtof
CCMSLIB00000848379,CCMSLIB00000845164,1,C4H6O1,277.107,207.065,70.04200000000003,[M+H]1+,qtof
CCMSLIB00000848962,CCMSLIB00000845164,1,O1,223.06,207.065,15.995000000000005,[M+H]1+,qtof
CCMSLIB00000845207,CCMSLIB00000845169,1,C1H2,357.154,343.138,14.01600000000002,[M+H]1+,qtof
CCMSLIB00000847680,CCMSLIB00000845174,1,C5H8O4,479.176,347.133,132.043,[M+H]1+,qtof
CCMSLIB00000848140,CCMSLIB00000845174,1,C5H8O4,479.176,347.133,132.043,[M+H]1+,qtof
CCMSLIB00000847856,CCMSLIB00000845214,1,O1,467.118,451.123,15.995000000000005,[M+H]1+,qtof
CCMSLIB00005721381,CCMSLIB00000845214,1,O1,467.119,451.123,15.996000000000038,[M+H]1+,qtof
CCMSLIB00000847257,CCMSLIB00000845243,1,O1,563.176,547.181,15.995000000000005,[M+H]1+,qtof
CCMSLIB00000845058,CCMSLIB00000845303,1,H-2O1,479.082,465.102,13.980000000000018,[M+H]1+,qtof
CCMSLIB00000845245,CCMSLIB00000845303,1,C6H10O5,627.155,465.102,162.053,[M+H]1+,qtof
CCMSLIB00000845329,CCMSLIB00000845303,1,C6H10O5,627.155,465.102,162.053,[M+H]1+,qtof
CCMSLIB00000846043,CCMSLIB00000845303,1,C3H2O3,551.103,465.102,86.00099999999998,[M+H]1+,qtof
CCMSLIB00000847858,CCMSLIB00000845303,1,C2H2O1,507.113,465.102,42.011000000000024,[M+H]1+,qtof
CCMSLIB00000848142,CCMSLIB00000845303,1,C5H8O4,597.145,465.102,132.043,[M+H]1+,qtof
CCMSLIB00000848143,CCMSLIB00000845303,1,C7H4O4,617.113,465.102,152.01100000000008,[M+H]1+,qtof
CCMSLIB00000848355,CCMSLIB00000845303,1,C6H10O4,611.16,465.102,146.058,[M+H]1+,qtof
CCMSLIB00000848486,CCMSLIB00000845303,1,C1H2,479.118,465.102,14.01600000000002,[M+H]1+,qtof
CCMSLIB00000848525,CCMSLIB00000845303,1,C6H10O5,627.155,465.102,162.053,[M+H]1+,qtof
CCMSLIB00000848846,CCMSLIB00000845303,1,C6H10O4,611.16,465.102,146.058,[M+H]1+,qtof
CCMSLIB00000848857,CCMSLIB00000845303,1,C1H2,479.118,465.102,14.01600000000002,[M+H]1+,qtof
CCMSLIB00000849015,CCMSLIB00000845303,1,O1,481.097,465.102,15.995000000000005,[M+H]1+,qtof
CCMSLIB00005721176,CCMSLIB00000845303,1,C3H2O3,551.102,465.102,86.0,[M+H]1+,qtof
CCMSLIB00005721642,CCMSLIB00000845303,1,C7H4O4,617.115,465.102,152.01300000000003,[M+H]1+,qtof
CCMSLIB00000846841,CCMSLIB00000845309,1,C1H2,211.144,197.128,14.01600000000002,[M+H]1+,qtof
CCMSLIB00000847866,CCMSLIB00000845335,1,C1H2,193.049,179.034,14.015000000000015,[M+H]1+,qtof
CCMSLIB00000845489,CCMSLIB00000845337,1,C1H2,253.107,239.091,14.015999999999991,[M+H]1+,qtof
CCMSLIB00000847534,CCMSLIB00000845349,1,C7H4O2,423.18,303.159,120.02100000000002,[M+H]1+,qtof
CCMSLIB00005721287,CCMSLIB00000845349,1,C7H4O2,423.182,303.159,120.02300000000002,[M+H]1+,qtof
CCMSLIB00000848133,CCMSLIB00000845372,1,C1H2,461.108,447.092,14.01600000000002,[M+H]1+,qtof
CCMSLIB00000848461,CCMSLIB00000845374,1,C6H10O4,595.165,449.108,146.05699999999996,[M+H]1+,qtof
CCMSLIB00000845293,CCMSLIB00000845389,1,C5H8,393.206,325.143,68.06300000000005,[M+H]1+,qtof
CCMSLIB00000848004,CCMSLIB00000845400,1,C1H2,217.143,203.128,14.015000000000015,[M+H]1+,qtof
CCMSLIB00000852392,CCMSLIB00000845408,1,C1H2,626.376,612.36,14.015999999999963,[M+H]1+,qtof
CCMSLIB00000846135,CCMSLIB00000845418,1,H-2O1,287.091,273.112,13.978999999999985,[M+H]1+,qtof
CCMSLIB00000847970,CCMSLIB00000845418,1,C1O1,301.107,273.112,27.995000000000005,[M+H]1+,qtof
CCMSLIB00000848562,CCMSLIB00000845418,1,C1,285.112,273.112,12.0,[M+H]1+,qtof
CCMSLIB00000847010,CCMSLIB00000845425,1,C9H6O2,741.202,595.165,146.03700000000003,[M+H]1+,qtof
CCMSLIB00000847463,CCMSLIB00000845425,1,C6H10O5,757.218,595.165,162.053,[M+H]1+,qtof
CCMSLIB00000848126,CCMSLIB00000845425,1,O1,611.16,595.165,15.995000000000005,[M+H]1+,qtof
CCMSLIB00005721775,CCMSLIB00000845425,1,C6H10O5,757.222,595.165,162.05700000000002,[M+H]1+,qtof
CCMSLIB00000846453,CCMSLIB00000845427,1,C1H2,611.197,597.181,14.015999999999963,[M+H]1+,qtof
CCMSLIB00000847773,CCMSLIB00000845427,1,C1H2,611.197,597.181,14.015999999999963,[M+H]1+,qtof
CCMSLIB00005721516,CCMSLIB00000845427,1,C1H2,611.196,597.181,14.014999999999986,[M+H]1+,qtof
CCMSLIB00000848602,CCMSLIB00000845474,1,O1,567.171,551.176,15.995000000000005,[M+H]1+,qtof
CCMSLIB00005721152,CCMSLIB00000845474,1,O1,567.17,551.176,15.993999999999915,[M+H]1+,qtof
CCMSLIB00000845164,CCMSLIB00000845488,1,C1H2O1,207.065,177.054,30.010999999999996,[M+H]1+,qtof
CCMSLIB00000845416,CCMSLIB00000845488,1,C5H8,245.117,177.054,68.06299999999999,[M+H]1+,qtof
CCMSLIB00000846721,CCMSLIB00000845488,1,C5H8,245.117,177.054,68.06299999999999,[M+H]1+,qtof
CCMSLIB00000847739,CCMSLIB00000845488,1,C5H8O1,261.112,177.054,84.05800000000002,[M+H]1+,qtof
CCMSLIB00000847910,CCMSLIB00000845488,1,C5H6O1,259.096,177.054,82.042,[M+H]1+,qtof
CCMSLIB00000848780,CCMSLIB00000845488,1,C5H6O1,259.096,177.054,82.042,[M+H]1+,qtof
CCMSLIB00005721669,CCMSLIB00000845488,1,C5H6O1,259.098,177.054,82.04400000000001,[M+H]1+,qtof
CCMSLIB00000848998,CCMSLIB00000845500,1,C1H2,341.196,327.18,14.01600000000002,[M+H]1+,qtof
CCMSLIB00005721791,CCMSLIB00000845500,1,C1H2,341.195,327.18,14.014999999999986,[M+H]1+,qtof
CCMSLIB00000848656,CCMSLIB00000845525,1,C7H4O1,489.154,385.128,104.02600000000001,[M+H]1+,qtof
CCMSLIB00000848818,CCMSLIB00000845525,1,C7H4O1,489.154,385.128,104.02600000000001,[M+H]1+,qtof
CCMSLIB00000845069,CCMSLIB00000845574,1,C1H2O1,963.276,933.266,30.00999999999999,[M+H]1+,qtof
CCMSLIB00000845575,CCMSLIB00000845574,1,O1,949.261,933.266,15.995000000000005,[M+H]1+,qtof
CCMSLIB00000845069,CCMSLIB00000845575,1,C1H2,963.276,949.261,14.014999999999986,[M+H]1+,qtof
CCMSLIB00000846117,CCMSLIB00000845594,1,C1H2,287.091,273.075,14.01600000000002,[M+H]1+,qtof
CCMSLIB00000846135,CCMSLIB00000845594,1,C1H2,287.091,273.075,14.01600000000002,[M+H]1+,qtof
CCMSLIB00000846890,CCMSLIB00000845594,1,C1H2O1,303.086,273.075,30.011000000000024,[M+H]1+,qtof
CCMSLIB00000847533,CCMSLIB00000845594,1,C5H8,341.138,273.075,68.06299999999999,[M+H]1+,qtof
CCMSLIB00000848592,CCMSLIB00000845594,1,C1H2,287.091,273.075,14.01600000000002,[M+H]1+,qtof
CCMSLIB00000849089,CCMSLIB00000845594,1,O1,289.07,273.075,15.995000000000005,[M+H]1+,qtof
CCMSLIB00000845189,CCMSLIB00000845612,1,O1,757.218,741.223,15.995000000000005,[M+H]1+,qtof
CCMSLIB00000845616,CCMSLIB00000845612,1,O1,757.218,741.223,15.995000000000005,[M+H]1+,qtof
CCMSLIB00000847993,CCMSLIB00000845612,1,C1H2,755.239,741.223,14.016000000000076,[M+H]1+,qtof
CCMSLIB00000848357,CCMSLIB00000845616,1,C1H2,771.234,757.218,14.016000000000076,[M+H]1+,qtof
CCMSLIB00000848080,CCMSLIB00000845624,1,C1H2,347.112,333.097,14.015000000000043,[M+H]1+,qtof
CCMSLIB00000848908,CCMSLIB00000845624,1,C1H2,347.112,333.097,14.015000000000043,[M+H]1+,qtof
CCMSLIB00000848143,CCMSLIB00000845637,1,O1,617.113,601.119,15.994000000000028,[M+H]1+,qtof
CCMSLIB00000848954,CCMSLIB00000845637,1,O1,617.113,601.119,15.994000000000028,[M+H]1+,qtof
CCMSLIB00005721642,CCMSLIB00000845637,1,O1,617.115,601.119,15.995999999999981,[M+H]1+,qtof
CCMSLIB00000847746,CCMSLIB00000845642,1,C6H10O5,523.144,361.092,162.05200000000002,[M+H]1+,qtof
CCMSLIB00000846458,CCMSLIB00000845657,1,C1H2,223.06,209.044,14.015999999999991,[M+H]1+,qtof
CCMSLIB00000848962,CCMSLIB00000845657,1,C1H2,223.06,209.044,14.015999999999991,[M+H]1+,qtof
CCMSLIB00000854310,CCMSLIB00000845662,1,C2H2O1,453.212,411.201,42.01099999999997,[M+H]1+,qtof
CCMSLIB00000847981,CCMSLIB00000845700,1,C1H2,427.138,413.123,14.014999999999986,[M+H]1+,qtof
CCMSLIB00000848608,CCMSLIB00000845704,1,C1H2O1,487.144,457.134,30.00999999999999,[M+H]1+,qtof
CCMSLIB00000846135,CCMSLIB00000845714,1,O1,287.091,271.096,15.995000000000005,[M+H]1+,qtof
CCMSLIB00000847970,CCMSLIB00000845714,1,C1H2O1,301.107,271.096,30.011000000000024,[M+H]1+,qtof
CCMSLIB00000848562,CCMSLIB00000845714,1,C1H2,285.112,271.096,14.01600000000002,[M+H]1+,qtof
CCMSLIB00000848864,CCMSLIB00000845720,1,C6H10O5,563.176,401.123,162.05300000000005,[M+H]1+,qtof
CCMSLIB00000849060,CCMSLIB00000845720,1,C1H2,415.138,401.123,14.014999999999986,[M+H]1+,qtof
CCMSLIB00005721171,CCMSLIB00000845720,1,C6H10O5,563.178,401.123,162.055,[M+H]1+,qtof
CCMSLIB00000846755,CCMSLIB00000845729,1,C10H17N1O3,759.438,560.317,199.12099999999998,[M+H]1+,qtof
CCMSLIB00000845214,CCMSLIB00000845758,1,O1,451.123,435.128,15.995000000000005,[M+H]1+,qtof
CCMSLIB00000845634,CCMSLIB00000845758,1,C6H10O4,581.186,435.128,146.05800000000005,[M+H]1+,qtof
CCMSLIB00000846405,CCMSLIB00000845758,1,C6H10O5,597.181,435.128,162.05300000000005,[M+H]1+,qtof
CCMSLIB00000847961,CCMSLIB00000845758,1,O1,451.123,435.128,15.995000000000005,[M+H]1+,qtof
CCMSLIB00005721111,CCMSLIB00000845758,1,O1,451.126,435.128,15.99799999999999,[M+H]1+,qtof
CCMSLIB00005721281,CCMSLIB00000845758,1,C6H10O5,597.183,435.128,162.055,[M+H]1+,qtof
CCMSLIB00000846122,CCMSLIB00000845779,1,O1,423.193,407.198,15.995000000000005,[M+H]1+,qtof
CCMSLIB00000846441,CCMSLIB00000845783,1,C5H8O4,599.197,467.155,132.04200000000003,[M+H]1+,qtof
CCMSLIB00000848662,CCMSLIB00000845783,1,C5H8O4,599.197,467.155,132.04200000000003,[M+H]1+,qtof
CCMSLIB00005721769,CCMSLIB00000845783,1,C5H8O4,599.197,467.155,132.04200000000003,[M+H]1+,qtof
CCMSLIB00000845044,CCMSLIB00000845788,1,H-1Cl1,259.037,225.075,33.96199999999999,[M+H]1+,qtof
CCMSLIB00000847934,CCMSLIB00000845809,1,O1,764.406,748.411,15.995000000000005,[M+H]1+,qtof
CCMSLIB00000849026,CCMSLIB00000845816,1,C10H14O2,521.201,355.102,166.09900000000005,[M+H]1+,qtof
CCMSLIB00000845427,CCMSLIB00000845821,1,O1,597.181,581.186,15.995000000000005,[M+H]1+,qtof
CCMSLIB00000847560,CCMSLIB00000845821,1,C6H8O4,725.228,581.186,144.04199999999992,[M+H]1+,qtof
CCMSLIB00000847773,CCMSLIB00000845821,1,C1H2O1,611.197,581.186,30.010999999999967,[M+H]1+,qtof
CCMSLIB00000848766,CCMSLIB00000845821,1,C5H8O4,713.228,581.186,132.04199999999992,[M+H]1+,qtof
CCMSLIB00005721867,CCMSLIB00000845821,1,C5H8O4,713.23,581.186,132.04399999999998,[M+H]1+,qtof
CCMSLIB00000847120,CCMSLIB00000845828,1,O1,757.218,741.223,15.995000000000005,[M+H]1+,qtof
CCMSLIB00000847463,CCMSLIB00000845828,1,O1,757.218,741.223,15.995000000000005,[M+H]1+,qtof
CCMSLIB00000848466,CCMSLIB00000845828,1,C1H2,755.239,741.223,14.016000000000076,[M+H]1+,qtof
CCMSLIB00000848668,CCMSLIB00000845828,1,O1,757.218,741.223,15.995000000000005,[M+H]1+,qtof
CCMSLIB00000848888,CCMSLIB00000845828,1,C1H2O1,771.234,741.223,30.01100000000008,[M+H]1+,qtof
CCMSLIB00005721775,CCMSLIB00000845828,1,O1,757.222,741.223,15.999000000000024,[M+H]1+,qtof
CCMSLIB00005721827,CCMSLIB00000845828,1,C1H2O1,771.236,741.223,30.013000000000034,[M+H]1+,qtof
CCMSLIB00000853587,CCMSLIB00000845831,1,O1,587.344,571.349,15.995000000000005,[M+H]1+,qtof
CCMSLIB00000848699,CCMSLIB00000845835,1,C1H2,595.165,581.15,14.014999999999986,[M+H]1+,qtof
CCMSLIB00000845052,CCMSLIB00000845885,1,C5H8O1,271.096,187.039,84.05700000000002,[M+H]1+,qtof
CCMSLIB00000846004,CCMSLIB00000845885,1,C5H8,255.101,187.039,68.06200000000001,[M+H]1+,qtof
CCMSLIB00000847785,CCMSLIB00000845885,1,C1H2O1,217.049,187.039,30.01000000000002,[M+H]1+,qtof
CCMSLIB00000847704,CCMSLIB00000845924,1,O1,330.133,314.138,15.995000000000005,[M+H]1+,qtof
CCMSLIB00000845700,CCMSLIB00000845952,1,O1,413.123,397.128,15.995000000000005,[M+H]1+,qtof
CCMSLIB00000846635,CCMSLIB00000845952,1,C1H2,411.144,397.128,14.01600000000002,[M+H]1+,qtof
CCMSLIB00000848193,CCMSLIB00000845961,1,C1O2,315.05,271.06,43.99000000000001,[M+H]1+,qtof
CCMSLIB00000847877,CCMSLIB00000846001,1,C1H2,209.081,195.065,14.015999999999991,[M+H]1+,qtof
CCMSLIB00000847745,CCMSLIB00000846010,1,C2H2O1,521.129,479.118,42.011000000000024,[M+H]1+,qtof
CCMSLIB00000848532,CCMSLIB00000846010,1,C6H10O5,641.171,479.118,162.05300000000005,[M+H]1+,qtof
CCMSLIB00000847348,CCMSLIB00000846029,1,C1H2,639.228,625.212,14.015999999999963,[M+H]1+,qtof
CCMSLIB00000848537,CCMSLIB00000846029,1,C6H10O5,787.265,625.212,162.053,[M+H]1+,qtof
CCMSLIB00000845329,CCMSLIB00000846041,1,C6H10O6,627.155,449.108,178.04699999999997,[M+H]1+,qtof
CCMSLIB00000847748,CCMSLIB00000846041,1,C6H10O5,611.16,449.108,162.05199999999996,[M+H]1+,qtof
CCMSLIB00000848929,CCMSLIB00000846041,1,O1,465.102,449.108,15.993999999999971,[M+H]1+,qtof
CCMSLIB00000855155,CCMSLIB00000846051,1,C1H2,654.432,640.416,14.015999999999963,[M+H]1+,qtof
CCMSLIB00000848157,CCMSLIB00000846075,1,C1H2O1,347.076,317.065,30.011000000000024,[M+H]1+,qtof
CCMSLIB00000849064,CCMSLIB00000846075,1,C5H8O4,449.108,317.065,132.043,[M+H]1+,qtof
CCMSLIB00000847595,CCMSLIB00000846078,1,C1H2,415.269,401.253,14.01600000000002,[M+H]1+,qtof
CCMSLIB00000848573,CCMSLIB00000846083,1,O1,579.171,563.176,15.995000000000005,[M+H]1+,qtof
CCMSLIB00000845337,CCMSLIB00000846091,1,O1,239.091,223.096,15.995000000000005,[M+H]1+,qtof
CCMSLIB00000845489,CCMSLIB00000846091,1,C1H2O1,253.107,223.096,30.010999999999996,[M+H]1+,qtof
CCMSLIB00000847457,CCMSLIB00000846113,1,C4H8,333.242,277.18,56.06200000000001,[M+H]1+,qtof
CCMSLIB00000849053,CCMSLIB00000846113,1,C2H4,305.211,277.18,28.031000000000006,[M+H]1+,qtof
CCMSLIB00000845947,CCMSLIB00000846117,1,O1,303.086,287.091,15.995000000000005,[M+H]1+,qtof
CCMSLIB00000849034,CCMSLIB00000846117,1,C5H8,355.154,287.091,68.06299999999999,[M+H]1+,qtof
CCMSLIB00000848338,CCMSLIB00000846135,1,O1,303.086,287.091,15.995000000000005,[M+H]1+,qtof
CCMSLIB00000848380,CCMSLIB00000846135,1,O1,303.086,287.091,15.995000000000005,[M+H]1+,qtof
CCMSLIB00000848763,CCMSLIB00000846138,1,O1,387.092,371.097,15.995000000000005,[M+H]1+,qtof
CCMSLIB00005721868,CCMSLIB00000846138,1,O1,387.093,371.097,15.996000000000038,[M+H]1+,qtof
CCMSLIB00000845189,CCMSLIB00000846155,1,C6H10O5,757.218,595.165,162.053,[M+H]1+,qtof
CCMSLIB00000845612,CCMSLIB00000846155,1,C6H10O4,741.223,595.165,146.058,[M+H]1+,qtof
CCMSLIB00000845828,CCMSLIB00000846155,1,C6H10O4,741.223,595.165,146.058,[M+H]1+,qtof
CCMSLIB00000846111,CCMSLIB00000846155,1,C6H10O5,757.218,595.165,162.053,[M+H]1+,qtof
CCMSLIB00000846710,CCMSLIB00000846155,1,C6H10O4,741.223,595.165,146.058,[M+H]1+,qtof
CCMSLIB00000846809,CCMSLIB00000846155,1,C6H10O4,741.223,595.165,146.058,[M+H]1+,qtof
CCMSLIB00000847164,CCMSLIB00000846155,1,C1H2O1,625.176,595.165,30.01100000000008,[M+H]1+,qtof
CCMSLIB00000847463,CCMSLIB00000846155,1,C6H10O5,757.218,595.165,162.053,[M+H]1+,qtof
CCMSLIB00000847608,CCMSLIB00000846155,1,C1H2O1,625.176,595.165,30.01100000000008,[M+H]1+,qtof
CCMSLIB00000848355,CCMSLIB00000846155,1,O1,611.16,595.165,15.995000000000005,[M+H]1+,qtof
CCMSLIB00000848846,CCMSLIB00000846155,1,O1,611.16,595.165,15.995000000000005,[M+H]1+,qtof
CCMSLIB00005721775,CCMSLIB00000846155,1,C6H10O5,757.222,595.165,162.05700000000002,[M+H]1+,qtof
CCMSLIB00000846161,CCMSLIB00000846158,1,C9H6O3,517.134,355.102,162.03200000000004,[M+H]1+,qtof
CCMSLIB00000846594,CCMSLIB00000846158,1,C1H2,369.118,355.102,14.01600000000002,[M+H]1+,qtof
CCMSLIB00000847783,CCMSLIB00000846158,1,C9H6O3,517.134,355.102,162.03200000000004,[M+H]1+,qtof
CCMSLIB00000852261,CCMSLIB00000846158,1,C1H2,369.118,355.102,14.01600000000002,[M+H]1+,qtof
CCMSLIB00000848797,CCMSLIB00000846161,1,C1H2,531.149,517.134,14.014999999999986,[M+H]1+,qtof
CCMSLIB00000845650,CCMSLIB00000846167,1,C1H2,579.171,565.155,14.016000000000076,[M+H]1+,qtof
CCMSLIB00000846922,CCMSLIB00000846174,1,C2H4,779.363,751.332,28.031000000000063,[M+H]1+,qtof
CCMSLIB00005721415,CCMSLIB00000846174,1,C2H4,779.364,751.332,28.03200000000004,[M+H]1+,qtof
CCMSLIB00000847976,CCMSLIB00000846183,1,O1,353.102,337.107,15.994999999999948,[M+H]1+,qtof
CCMSLIB00000846657,CCMSLIB00000846221,1,O1,315.159,299.164,15.995000000000005,[M+H]1+,qtof
CCMSLIB00000853969,CCMSLIB00000846221,1,C1H2O1,329.175,299.164,30.011000000000024,[M+H]1+,qtof
CCMSLIB00000848602,CCMSLIB00000846233,1,C1H2,567.171,553.155,14.016000000000076,[M+H]1+,qtof
CCMSLIB00005721152,CCMSLIB00000846233,1,C1H2,567.17,553.155,14.014999999999986,[M+H]1+,qtof
CCMSLIB00000848359,CCMSLIB00000846246,1,C1H2O1,269.102,239.091,30.010999999999967,[M+H]1+,qtof
CCMSLIB00005721856,CCMSLIB00000846246,1,C1H2O1,269.103,239.091,30.012,[M+H]1+,qtof
CCMSLIB00000848502,CCMSLIB00000846251,1,C1H2,273.075,259.06,14.014999999999986,[M+H]1+,qtof
CCMSLIB00000845704,CCMSLIB00000846261,1,C5H8O4,457.134,325.092,132.04200000000003,[M+H]1+,qtof
CCMSLIB00005721250,CCMSLIB00000846261,1,C5H8O4,457.134,325.092,132.04200000000003,[M+H]1+,qtof
CCMSLIB00000847557,CCMSLIB00000846278,1,C2H4,677.41,649.379,28.03099999999995,[M+H]1+,qtof
CCMSLIB00000852184,CCMSLIB00000846296,1,O1,241.071,225.075,15.99600000000001,[M+H]1+,qtof
CCMSLIB00000845579,CCMSLIB00000846318,1,C1H2,273.075,259.06,14.014999999999986,[M+H]1+,qtof
CCMSLIB00000846321,CCMSLIB00000846318,1,O1,275.055,259.06,15.995000000000005,[M+H]1+,qtof
CCMSLIB00000848656,CCMSLIB00000846332,1,C7H4O1,489.154,385.128,104.02600000000001,[M+H]1+,qtof
CCMSLIB00000848818,CCMSLIB00000846332,1,C7H4O1,489.154,385.128,104.02600000000001,[M+H]1+,qtof
CCMSLIB00000845044,CCMSLIB00000846364,1,H-1Cl1,259.037,225.075,33.96199999999999,[M+H]1+,qtof
CCMSLIB00000845044,CCMSLIB00000846368,1,O1,259.037,243.042,15.994999999999976,[M+H]1+,qtof
CCMSLIB00000847814,CCMSLIB00000846397,1,O1,377.159,361.164,15.995000000000005,[M+H]1+,qtof
CCMSLIB00005721400,CCMSLIB00000846397,1,O1,377.162,361.164,15.99799999999999,[M+H]1+,qtof
CCMSLIB00000846103,CCMSLIB00000846403,1,C1H2,609.181,595.165,14.016000000000076,[M+H]1+,qtof
CCMSLIB00000846809,CCMSLIB00000846403,1,C6H10O4,741.223,595.165,146.058,[M+H]1+,qtof
CCMSLIB00000847439,CCMSLIB00000846403,1,C5H8O4,727.208,595.165,132.043,[M+H]1+,qtof
CCMSLIB00000845056,CCMSLIB00000846413,1,C1H2O1,449.108,419.097,30.011000000000024,[M+H]1+,qtof
CCMSLIB00000845060,CCMSLIB00000846413,1,C7H12O5,595.165,419.097,176.06799999999998,[M+H]1+,qtof
CCMSLIB00000846155,CCMSLIB00000846413,1,C7H12O5,595.165,419.097,176.06799999999998,[M+H]1+,qtof
CCMSLIB00000846803,CCMSLIB00000846413,1,C1O2,463.087,419.097,43.99000000000001,[M+H]1+,qtof
CCMSLIB00000846968,CCMSLIB00000846413,1,C6H10O4,565.155,419.097,146.058,[M+H]1+,qtof
CCMSLIB00000847842,CCMSLIB00000846413,1,C1H2O1,449.108,419.097,30.011000000000024,[M+H]1+,qtof
CCMSLIB00000847904,CCMSLIB00000846413,1,O1,435.092,419.097,15.995000000000005,[M+H]1+,qtof
CCMSLIB00000848318,CCMSLIB00000846413,1,C8H6O5,601.119,419.097,182.02200000000005,[M+H]1+,qtof
CCMSLIB00000848655,CCMSLIB00000846413,1,C1H2,433.113,419.097,14.01600000000002,[M+H]1+,qtof
CCMSLIB00000848777,CCMSLIB00000846413,1,C6H10O4,565.155,419.097,146.058,[M+H]1+,qtof
CCMSLIB00000848930,CCMSLIB00000846413,1,C6H10O5,581.15,419.097,162.053,[M+H]1+,qtof
CCMSLIB00000849018,CCMSLIB00000846413,1,C10H8O3,595.144,419.097,176.04700000000003,[M+H]1+,qtof
CCMSLIB00005721451,CCMSLIB00000846413,1,C8H6O5,601.119,419.097,182.02200000000005,[M+H]1+,qtof
CCMSLIB00000846075,CCMSLIB00000846428,1,C1H2O1,317.065,287.055,30.00999999999999,[M+H]1+,qtof
CCMSLIB00000848455,CCMSLIB00000846428,1,O1,303.05,287.055,15.995000000000005,[M+H]1+,qtof
CCMSLIB00000848653,CCMSLIB00000846428,1,O1,303.05,287.055,15.995000000000005,[M+H]1+,qtof
CCMSLIB00000849014,CCMSLIB00000846428,1,C1H2O1,317.065,287.055,30.00999999999999,[M+H]1+,qtof
CCMSLIB00000846441,CCMSLIB00000846429,1,C5H8O4,599.197,467.155,132.04200000000003,[M+H]1+,qtof
CCMSLIB00000848662,CCMSLIB00000846429,1,C5H8O4,599.197,467.155,132.04200000000003,[M+H]1+,qtof
CCMSLIB00005721769,CCMSLIB00000846429,1,C5H8O4,599.197,467.155,132.04200000000003,[M+H]1+,qtof
CCMSLIB00000848221,CCMSLIB00000846433,1,O1,597.181,581.186,15.995000000000005,[M+H]1+,qtof
CCMSLIB00000848477,CCMSLIB00000846433,1,C1H2,595.202,581.186,14.015999999999963,[M+H]1+,qtof
CCMSLIB00000845944,CCMSLIB00000846458,1,C1H2,237.075,223.06,14.014999999999986,[M+H]1+,qtof
CCMSLIB00000845813,CCMSLIB00000846483,1,C1H2,342.17,328.154,14.01600000000002,[M+H]1+,qtof
CCMSLIB00000847267,CCMSLIB00000846490,1,O1,451.161,435.166,15.995000000000005,[M+H]1+,qtof
CCMSLIB00000852290,CCMSLIB00000846490,1,O1,451.161,435.166,15.995000000000005,[M+H]1+,qtof
CCMSLIB00000848928,CCMSLIB00000846513,1,O1,419.133,403.138,15.995000000000005,[M+H]1+,qtof
CCMSLIB00000845809,CCMSLIB00000846519,1,C2H2O1,748.411,706.401,42.00999999999999,[M+H]1+,qtof
CCMSLIB00000849080,CCMSLIB00000846519,1,O1,722.395,706.401,15.994000000000028,[M+H]1+,qtof
CCMSLIB00000847674,CCMSLIB00000846559,1,C11H18O9,931.271,637.176,294.0949999999999,[M+H]1+,qtof
CCMSLIB00000848797,CCMSLIB00000846594,1,C9H6O3,531.149,369.118,162.031,[M+H]1+,qtof
CCMSLIB00000846793,CCMSLIB00000846617,1,O1,345.133,329.138,15.995000000000005,[M+H]1+,qtof
CCMSLIB00000848262,CCMSLIB00000846617,1,C2H2O2,387.144,329.138,58.00600000000003,[M+H]1+,qtof
CCMSLIB00000846637,CCMSLIB00000846635,1,O1,427.138,411.144,15.993999999999971,[M+H]1+,qtof
CCMSLIB00000847981,CCMSLIB00000846635,1,O1,427.138,411.144,15.993999999999971,[M+H]1+,qtof
CCMSLIB00000848911,CCMSLIB00000846637,1,O1,443.133,427.138,15.995000000000005,[M+H]1+,qtof
CCMSLIB00000847711,CCMSLIB00000846657,1,O1,331.154,315.159,15.995000000000005,[M+H]1+,qtof
CCMSLIB00000853969,CCMSLIB00000846657,1,C1H2,329.175,315.159,14.01600000000002,[M+H]1+,qtof
CCMSLIB00005721487,CCMSLIB00000846657,1,O1,331.156,315.159,15.997000000000014,[M+H]1+,qtof
CCMSLIB00000845662,CCMSLIB00000846667,1,C1H2,411.201,397.185,14.01600000000002,[M+H]1+,qtof
CCMSLIB00000847120,CCMSLIB00000846710,1,O1,757.218,741.223,15.995000000000005,[M+H]1+,qtof
CCMSLIB00000847463,CCMSLIB00000846710,1,O1,757.218,741.223,15.995000000000005,[M+H]1+,qtof
CCMSLIB00000848466,CCMSLIB00000846710,1,C1H2,755.239,741.223,14.016000000000076,[M+H]1+,qtof
CCMSLIB00000848668,CCMSLIB00000846710,1,O1,757.218,741.223,15.995000000000005,[M+H]1+,qtof
CCMSLIB00000848888,CCMSLIB00000846710,1,C1H2O1,771.234,741.223,30.01100000000008,[M+H]1+,qtof
CCMSLIB00005721775,CCMSLIB00000846710,1,O1,757.222,741.223,15.999000000000024,[M+H]1+,qtof
CCMSLIB00005721827,CCMSLIB00000846710,1,C1H2O1,771.236,741.223,30.013000000000034,[M+H]1+,qtof
CCMSLIB00000847763,CCMSLIB00000846721,1,C9H14,367.226,245.117,122.10900000000001,[M+H]1+,qtof
CCMSLIB00000848160,CCMSLIB00000846729,1,O1,459.092,443.097,15.995000000000005,[M+H]1+,qtof
CCMSLIB00000845928,CCMSLIB00000846735,1,C13H10O6,873.208,611.16,262.048,[M+H]1+,qtof
CCMSLIB00000847289,CCMSLIB00000846735,1,C6H10O5,773.213,611.16,162.053,[M+H]1+,qtof
CCMSLIB00000848262,CCMSLIB00000846793,1,C2H2O1,387.144,345.133,42.011000000000024,[M+H]1+,qtof
CCMSLIB00000845058,CCMSLIB00000846803,1,O1,479.082,463.087,15.995000000000005,[M+H]1+,qtof
CCMSLIB00000846026,CCMSLIB00000846803,1,C1H2O1,493.097,463.087,30.00999999999999,[M+H]1+,qtof
CCMSLIB00000847229,CCMSLIB00000846809,1,C9H6O2,887.26,741.223,146.03700000000003,[M+H]1+,qtof
CCMSLIB00000848891,CCMSLIB00000846817,1,C5H8,381.206,313.143,68.06300000000005,[M+H]1+,qtof
CCMSLIB00005721217,CCMSLIB00000846817,1,C5H8,381.207,313.143,68.06400000000002,[M+H]1+,qtof
CCMSLIB00000848205,CCMSLIB00000846820,1,C2H2O1,425.232,383.221,42.011000000000024,[M+H]1+,qtof
CCMSLIB00000849041,CCMSLIB00000846823,1,C5H8,519.186,451.123,68.06300000000005,[M+H]1+,qtof
CCMSLIB00000847225,CCMSLIB00000846826,1,C6H10O4,771.27,625.212,146.058,[M+H]1+,qtof
CCMSLIB00005721186,CCMSLIB00000846826,1,C6H10O4,771.27,625.212,146.058,[M+H]1+,qtof
CCMSLIB00000848700,CCMSLIB00000846829,1,C1H2,275.128,261.112,14.015999999999963,[M+H]1+,qtof
CCMSLIB00000847283,CCMSLIB00000846831,1,O1,401.123,385.128,15.995000000000005,[M+H]1+,qtof
CCMSLIB00000847987,CCMSLIB00000846831,1,C1H2O1,415.138,385.128,30.00999999999999,[M+H]1+,qtof
CCMSLIB00000847119,CCMSLIB00000846863,1,C1H2,557.144,543.128,14.015999999999963,[M+H]1+,qtof
CCMSLIB00000847467,CCMSLIB00000846878,1,C1H2O1,565.155,535.144,30.010999999999967,[M+H]1+,qtof
CCMSLIB00000848866,CCMSLIB00000846878,1,C1H2O1,565.155,535.144,30.010999999999967,[M+H]1+,qtof
CCMSLIB00005721165,CCMSLIB00000846878,1,C1H2O1,565.157,535.144,30.013000000000034,[M+H]1+,qtof
CCMSLIB00000845335,CCMSLIB00000846887,1,O1,179.034,163.039,15.995000000000005,[M+H]1+,qtof
CCMSLIB00000845488,CCMSLIB00000846887,1,C1H2,177.054,163.039,14.015000000000015,[M+H]1+,qtof
CCMSLIB00000847866,CCMSLIB00000846887,1,C1H2O1,193.049,163.039,30.01000000000002,[M+H]1+,qtof
CCMSLIB00000847956,CCMSLIB00000846887,1,C5H8,231.101,163.039,68.06200000000001,[M+H]1+,qtof
CCMSLIB00000848604,CCMSLIB00000846887,1,C1H2,177.054,163.039,14.015000000000015,[M+H]1+,qtof
CCMSLIB00005721231,CCMSLIB00000846887,1,O1,179.033,163.039,15.994,[M+H]1+,qtof
CCMSLIB00000847759,CCMSLIB00000846888,1,C2H4O1,309.133,265.107,44.025999999999954,[M+H]1+,qtof
CCMSLIB00005721449,CCMSLIB00000846888,1,C2H4O1,309.133,265.107,44.025999999999954,[M+H]1+,qtof
CCMSLIB00000845089,CCMSLIB00000846890,1,C5H8,371.149,303.086,68.06299999999999,[M+H]1+,qtof
CCMSLIB00000847828,CCMSLIB00000846890,1,C5H8,371.149,303.086,68.06299999999999,[M+H]1+,qtof
CCMSLIB00000845427,CCMSLIB00000846905,1,C6H10O4,597.181,451.123,146.05800000000005,[M+H]1+,qtof
CCMSLIB00000848221,CCMSLIB00000846905,1,C6H10O4,597.181,451.123,146.05800000000005,[M+H]1+,qtof
CCMSLIB00000846322,CCMSLIB00000846916,1,C3H2O3,519.113,433.113,86.00000000000006,[M+H]1+,qtof
CCMSLIB00000848750,CCMSLIB00000846916,1,C1H2,447.128,433.113,14.014999999999986,[M+H]1+,qtof
CCMSLIB00000849097,CCMSLIB00000846916,1,C5H8O4,565.155,433.113,132.04199999999997,[M+H]1+,qtof
CCMSLIB00000855956,CCMSLIB00000846928,1,C5H8,332.201,264.138,68.06300000000005,[M+H]1+,qtof
CCMSLIB00000846488,CCMSLIB00000846932,1,H-1Cl1,339.063,305.102,33.96100000000001,[M+H]1+,qtof
CCMSLIB00000845563,CCMSLIB00000846934,1,H-1Cl1,405.182,371.221,33.96100000000001,[M+H]1+,qtof
CCMSLIB00000848126,CCMSLIB00000846944,1,C1H2O1,611.16,581.15,30.00999999999999,[M+H]1+,qtof
CCMSLIB00000846160,CCMSLIB00000846954,1,C1H2,405.169,391.154,14.014999999999986,[M+H]1+,qtof
CCMSLIB00000846403,CCMSLIB00000846968,1,C1H2O1,595.165,565.155,30.00999999999999,[M+H]1+,qtof
CCMSLIB00000846809,CCMSLIB00000846968,1,C7H12O5,741.223,565.155,176.06799999999998,[M+H]1+,qtof
CCMSLIB00000849017,CCMSLIB00000846968,1,C1H2,579.171,565.155,14.016000000000076,[M+H]1+,qtof
CCMSLIB00000845116,CCMSLIB00000846977,1,C6H10O2,639.358,525.29,114.06799999999998,[M+H]1+,qtof
CCMSLIB00000846625,CCMSLIB00000846977,1,C8H12O3,681.369,525.29,156.07900000000006,[M+H]1+,qtof
CCMSLIB00000848596,CCMSLIB00000846977,1,C12H20O4,753.426,525.29,228.13600000000008,[M+H]1+,qtof
CCMSLIB00000848686,CCMSLIB00000846977,1,C13H20O5,781.421,525.29,256.1310000000001,[M+H]1+,qtof
CCMSLIB00000846563,CCMSLIB00000846995,1,C1H2O1,795.437,765.426,30.010999999999967,[M+H]1+,qtof
CCMSLIB00000846642,CCMSLIB00000846995,1,C1H2O1,795.437,765.426,30.010999999999967,[M+H]1+,qtof
CCMSLIB00000847926,CCMSLIB00000847004,1,C5H8O4,567.134,435.092,132.04200000000003,[M+H]1+,qtof
CCMSLIB00000848346,CCMSLIB00000847008,1,C1H2,553.113,539.097,14.016000000000076,[M+H]1+,qtof
CCMSLIB00000845295,CCMSLIB00000847020,1,C2H2O1,443.243,401.232,42.01099999999997,[M+H]1+,qtof
CCMSLIB00000848706,CCMSLIB00000847020,1,C2H2O1,443.243,401.232,42.01099999999997,[M+H]1+,qtof
CCMSLIB00000848375,CCMSLIB00000847032,1,C8H12O5,651.155,463.087,188.06799999999998,[M+H]1+,qtof
CCMSLIB00000848264,CCMSLIB00000847090,1,C5H6O1,417.154,335.112,82.04199999999997,[M+H]1+,qtof
CCMSLIB00000848074,CCMSLIB00000847119,1,C1H2,571.16,557.144,14.015999999999963,[M+H]1+,qtof
CCMSLIB00000848952,CCMSLIB00000847119,1,C1H2,571.16,557.144,14.015999999999963,[M+H]1+,qtof
CCMSLIB00000847186,CCMSLIB00000847120,1,C6H10O5,919.271,757.218,162.053,[M+H]1+,qtof
CCMSLIB00005721656,CCMSLIB00000847120,1,C6H10O5,919.27,757.218,162.05200000000002,[M+H]1+,qtof
CCMSLIB00000847999,CCMSLIB00000847124,1,C1O2,341.174,297.185,43.988999999999976,[M+H]1+,qtof
CCMSLIB00000847533,CCMSLIB00000847148,1,O1,341.138,325.143,15.995000000000005,[M+H]1+,qtof
CCMSLIB00000847208,CCMSLIB00000847150,1,C5H6O1,387.144,305.102,82.04200000000003,[M+H]1+,qtof
CCMSLIB00000845821,CCMSLIB00000847155,1,C6H10O4,581.186,435.128,146.05800000000005,[M+H]1+,qtof
CCMSLIB00000846087,CCMSLIB00000847155,1,C9H6O2,581.165,435.128,146.03699999999998,[M+H]1+,qtof
CCMSLIB00000846433,CCMSLIB00000847155,1,C6H10O4,581.186,435.128,146.05800000000005,[M+H]1+,qtof
CCMSLIB00000846823,CCMSLIB00000847155,1,O1,451.123,435.128,15.995000000000005,[M+H]1+,qtof
CCMSLIB00000846905,CCMSLIB00000847155,1,O1,451.123,435.128,15.995000000000005,[M+H]1+,qtof
CCMSLIB00000848136,CCMSLIB00000847155,1,C6H10O4,581.186,435.128,146.05800000000005,[M+H]1+,qtof
CCMSLIB00000847119,CCMSLIB00000847156,1,C1H2,557.144,543.128,14.015999999999963,[M+H]1+,qtof
CCMSLIB00000845590,CCMSLIB00000847176,1,C6H10O5,699.452,537.399,162.053,[M+H]1+,qtof
CCMSLIB00000848069,CCMSLIB00000847206,1,C1H2,273.075,259.06,14.014999999999986,[M+H]1+,qtof
CCMSLIB00000847397,CCMSLIB00000847225,1,O1,787.265,771.27,15.995000000000005,[M+H]1+,qtof
CCMSLIB00000848340,CCMSLIB00000847236,1,C1H2O1,373.128,343.117,30.010999999999967,[M+H]1+,qtof
CCMSLIB00000845854,CCMSLIB00000847241,1,C1H2,595.165,581.15,14.014999999999986,[M+H]1+,qtof
CCMSLIB00000848402,CCMSLIB00000847261,1,C2H2O1,357.169,315.159,42.00999999999999,[M+H]1+,qtof
CCMSLIB00000848363,CCMSLIB00000847267,1,C1H2,465.177,451.161,14.01600000000002,[M+H]1+,qtof
CCMSLIB00000853434,CCMSLIB00000847267,1,C1H2,465.177,451.161,14.01600000000002,[M+H]1+,qtof
CCMSLIB00000847987,CCMSLIB00000847283,1,C1H2,415.138,401.123,14.014999999999986,[M+H]1+,qtof
CCMSLIB00000847444,CCMSLIB00000847292,1,O1,255.122,239.128,15.994000000000028,[M+H]1+,qtof
CCMSLIB00000848339,CCMSLIB00000847292,1,C3H2O3S1,357.1,239.128,117.97200000000004,[M+H]1+,qtof
CCMSLIB00000849082,CCMSLIB00000847292,1,H-2O1,253.107,239.128,13.979000000000013,[M+H]1+,qtof
CCMSLIB00005721796,CCMSLIB00000847292,1,C3H2O3S1,357.101,239.128,117.97300000000001,[M+H]1+,qtof
CCMSLIB00000847070,CCMSLIB00000847313,1,C1H2O1,343.117,313.107,30.00999999999999,[M+H]1+,qtof
CCMSLIB00000847192,CCMSLIB00000847318,1,O1,413.289,397.295,15.993999999999971,[M+H]1+,qtof
CCMSLIB00005721780,CCMSLIB00000847318,1,O1,413.29,397.295,15.995000000000005,[M+H]1+,qtof
CCMSLIB00000845600,CCMSLIB00000847323,1,C1H2,415.138,401.123,14.014999999999986,[M+H]1+,qtof
CCMSLIB00000848301,CCMSLIB00000847337,1,O1,291.086,275.091,15.995000000000005,[M+H]1+,qtof
CCMSLIB00000848337,CCMSLIB00000847337,1,O1,291.086,275.091,15.995000000000005,[M+H]1+,qtof
CCMSLIB00000851071,CCMSLIB00000847337,1,C5H8O4,407.134,275.091,132.043,[M+H]1+,qtof
CCMSLIB00005721798,CCMSLIB00000847337,1,O1,291.087,275.091,15.995999999999981,[M+H]1+,qtof
CCMSLIB00000853811,CCMSLIB00000847351,1,C1H2O1,1109.61,1079.6,30.00999999999999,[M+H]1+,qtof
CCMSLIB00000847474,CCMSLIB00000847371,1,C1H2O1,259.096,229.086,30.00999999999999,[M+H]1+,qtof
CCMSLIB00000848039,CCMSLIB00000847371,1,C1H2O1,259.096,229.086,30.00999999999999,[M+H]1+,qtof
CCMSLIB00000847375,CCMSLIB00000847373,1,C1H2,253.086,239.07,14.01600000000002,[M+H]1+,qtof
CCMSLIB00000848300,CCMSLIB00000847373,1,O1,255.065,239.07,15.995000000000005,[M+H]1+,qtof
CCMSLIB00000847769,CCMSLIB00000847375,1,O1,269.081,253.086,15.995000000000005,[M+H]1+,qtof
CCMSLIB00000848562,CCMSLIB00000847382,1,C1H2,285.112,271.096,14.01600000000002,[M+H]1+,qtof
CCMSLIB00000848592,CCMSLIB00000847382,1,O1,287.091,271.096,15.995000000000005,[M+H]1+,qtof
CCMSLIB00000847759,CCMSLIB00000847387,1,C1H2,309.133,295.117,14.015999999999963,[M+H]1+,qtof
CCMSLIB00005721449,CCMSLIB00000847387,1,C1H2,309.133,295.117,14.015999999999963,[M+H]1+,qtof
CCMSLIB00000845280,CCMSLIB00000847395,1,C1H2O1,593.186,563.176,30.00999999999999,[M+H]1+,qtof
CCMSLIB00000847832,CCMSLIB00000847395,1,C1H2O1,593.186,563.176,30.00999999999999,[M+H]1+,qtof
CCMSLIB00000852272,CCMSLIB00000847409,1,C1,417.191,405.191,12.0,[M+H]1+,qtof
CCMSLIB00000845498,CCMSLIB00000847431,1,O1,301.107,285.112,15.995000000000005,[M+H]1+,qtof
CCMSLIB00000846413,CCMSLIB00000847433,1,C5H8O4,419.097,287.055,132.04199999999997,[M+H]1+,qtof
CCMSLIB00000848072,CCMSLIB00000847433,1,C5H8O4,419.097,287.055,132.04199999999997,[M+H]1+,qtof
CCMSLIB00000848313,CCMSLIB00000847433,1,C5H8O4,419.097,287.055,132.04199999999997,[M+H]1+,qtof
CCMSLIB00000848653,CCMSLIB00000847433,1,O1,303.05,287.055,15.995000000000005,[M+H]1+,qtof
CCMSLIB00000848829,CCMSLIB00000847433,1,O1,303.05,287.055,15.995000000000005,[M+H]1+,qtof
CCMSLIB00000849013,CCMSLIB00000847433,1,C1H2,301.07,287.055,14.014999999999986,[M+H]1+,qtof
CCMSLIB00000847486,CCMSLIB00000847437,1,O1,331.081,315.086,15.995000000000005,[M+H]1+,qtof
CCMSLIB00000852994,CCMSLIB00000847445,1,O1,292.118,276.123,15.995000000000005,[M+H]1+,qtof
CCMSLIB00000846494,CCMSLIB00000847450,1,C1H2,449.108,435.092,14.01600000000002,[M+H]1+,qtof
CCMSLIB00000848314,CCMSLIB00000847450,1,C1H2,449.108,435.092,14.01600000000002,[M+H]1+,qtof
CCMSLIB00005721425,CCMSLIB00000847450,1,C1H2,449.109,435.092,14.016999999999996,[M+H]1+,qtof
CCMSLIB00000848276,CCMSLIB00000847465,1,H-1Cl1,417.014,383.053,33.96100000000001,[M+H]1+,qtof
CCMSLIB00000845378,CCMSLIB00000847467,1,C1H2O1,595.165,565.155,30.00999999999999,[M+H]1+,qtof
CCMSLIB00000847333,CCMSLIB00000847467,1,C1H2O1,595.165,565.155,30.00999999999999,[M+H]1+,qtof
CCMSLIB00000848557,CCMSLIB00000847467,1,C1H2,579.171,565.155,14.016000000000076,[M+H]1+,qtof
CCMSLIB00005721178,CCMSLIB00000847467,1,C1H2O1,595.167,565.155,30.012000000000057,[M+H]1+,qtof
CCMSLIB00000847936,CCMSLIB00000847470,1,C6H10O5,883.687,721.634,162.053,[M+H]1+,qtof
CCMSLIB00000847476,CCMSLIB00000847474,1,C1H2O1,289.107,259.096,30.011000000000024,[M+H]1+,qtof
CCMSLIB00000847479,CCMSLIB00000847478,1,C2H4,342.279,314.248,28.031000000000006,[M+H]1+,qtof
CCMSLIB00000845063,CCMSLIB00000847485,1,O1,319.045,303.05,15.995000000000005,[M+H]1+,qtof
CCMSLIB00000848806,CCMSLIB00000847486,1,C1H2O1,361.092,331.081,30.010999999999967,[M+H]1+,qtof
CCMSLIB00000848732,CCMSLIB00000847487,1,C1H2,355.102,341.086,14.015999999999963,[M+H]1+,qtof
CCMSLIB00000848234,CCMSLIB00000847491,1,C1H2,579.171,565.155,14.016000000000076,[M+H]1+,qtof
CCMSLIB00000846882,CCMSLIB00000847505,1,O1,641.171,625.176,15.995000000000005,[M+H]1+,qtof
CCMSLIB00000846161,CCMSLIB00000847508,1,C9H6O3,517.134,355.102,162.03200000000004,[M+H]1+,qtof
CCMSLIB00000846594,CCMSLIB00000847508,1,C1H2,369.118,355.102,14.01600000000002,[M+H]1+,qtof
CCMSLIB00000847783,CCMSLIB00000847508,1,C9H6O3,517.134,355.102,162.03200000000004,[M+H]1+,qtof
CCMSLIB00000852261,CCMSLIB00000847508,1,C1H2,369.118,355.102,14.01600000000002,[M+H]1+,qtof
CCMSLIB00000848162,CCMSLIB00000847509,1,C6H8O4,661.176,517.134,144.04200000000003,[M+H]1+,qtof
CCMSLIB00005721208,CCMSLIB00000847509,1,C6H8O4,661.174,517.134,144.03999999999996,[M+H]1+,qtof
CCMSLIB00000847938,CCMSLIB00000847513,1,C6H10O5,917.692,755.639,162.053,[M+H]1+,qtof
CCMSLIB00000851935,CCMSLIB00000847516,1,O1,1137.61,1121.61,16.0,[M+H]1+,qtof
CCMSLIB00000846831,CCMSLIB00000847523,1,C1H2,385.128,371.112,14.015999999999963,[M+H]1+,qtof
CCMSLIB00000846749,CCMSLIB00000847524,1,C10H18O3,741.463,555.337,186.12599999999998,[M+H]1+,qtof
CCMSLIB00000847828,CCMSLIB00000847533,1,C1H2O1,371.149,341.138,30.011000000000024,[M+H]1+,qtof
CCMSLIB00000847631,CCMSLIB00000847542,1,C2H2O1,584.249,542.238,42.01099999999997,[M+H]1+,qtof
CCMSLIB00000846871,CCMSLIB00000847549,1,C1H2O1,335.128,305.117,30.010999999999967,[M+H]1+,qtof
CCMSLIB00000848264,CCMSLIB00000847554,1,C1H2O1,417.154,387.144,30.00999999999999,[M+H]1+,qtof
CCMSLIB00000848269,CCMSLIB00000847560,1,C1H2O1,755.239,725.228,30.01100000000008,[M+H]1+,qtof
CCMSLIB00000849080,CCMSLIB00000847573,1,O1,722.395,706.401,15.994000000000028,[M+H]1+,qtof
CCMSLIB00000847437,CCMSLIB00000847591,1,C1H2,315.086,301.07,14.01600000000002,[M+H]1+,qtof
CCMSLIB00000849014,CCMSLIB00000847591,1,O1,317.065,301.07,15.995000000000005,[M+H]1+,qtof
CCMSLIB00000847848,CCMSLIB00000847599,1,C1,401.196,389.196,12.0,[M+H]1+,qtof
CCMSLIB00000847612,CCMSLIB00000847610,1,O1,285.075,269.081,15.993999999999971,[M+H]1+,qtof
CCMSLIB00000847612,CCMSLIB00000847611,1,C1H2,285.075,271.06,14.014999999999986,[M+H]1+,qtof
CCMSLIB00000848175,CCMSLIB00000847611,1,C1H2O1,301.07,271.06,30.00999999999999,[M+H]1+,qtof
CCMSLIB00000849011,CCMSLIB00000847611,1,C1H2,285.075,271.06,14.014999999999986,[M+H]1+,qtof
CCMSLIB00000847241,CCMSLIB00000847613,1,C5H8O4,581.15,449.108,132.04199999999997,[M+H]1+,qtof
CCMSLIB00000847772,CCMSLIB00000847613,1,C1H2,463.123,449.108,14.014999999999986,[M+H]1+,qtof
CCMSLIB00000848744,CCMSLIB00000847613,1,C5H8O4,581.15,449.108,132.04199999999997,[M+H]1+,qtof
CCMSLIB00005721716,CCMSLIB00000847613,1,C1H2,463.124,449.108,14.01600000000002,[M+H]1+,qtof
CCMSLIB00005721717,CCMSLIB00000847613,1,C1H2,463.125,449.108,14.016999999999996,[M+H]1+,qtof
CCMSLIB00000847225,CCMSLIB00000847618,1,C1H2,771.27,757.255,14.014999999999986,[M+H]1+,qtof
CCMSLIB00000847397,CCMSLIB00000847618,1,C1H2O1,787.265,757.255,30.00999999999999,[M+H]1+,qtof
CCMSLIB00005721186,CCMSLIB00000847618,1,C1H2,771.27,757.255,14.014999999999986,[M+H]1+,qtof
CCMSLIB00000847433,CCMSLIB00000847621,1,O1,287.055,271.06,15.995000000000005,[M+H]1+,qtof
CCMSLIB00000845064,CCMSLIB00000847622,1,O1,373.237,357.242,15.995000000000005,[M+H]1+,qtof
CCMSLIB00000848041,CCMSLIB00000847622,1,H-1Cl1,391.203,357.242,33.960999999999956,[M+H]1+,qtof
CCMSLIB00000848858,CCMSLIB00000847633,1,C4H8,351.253,295.19,56.06299999999999,[M+H]1+,qtof
CCMSLIB00005721170,CCMSLIB00000847633,1,C4H8,351.255,295.19,56.065,[M+H]1+,qtof
CCMSLIB00000847090,CCMSLIB00000847638,1,C4H8O2,335.112,247.06,88.05200000000002,[M+H]1+,qtof
CCMSLIB00000848643,CCMSLIB00000847638,1,C4H6O1,317.102,247.06,70.04199999999997,[M+H]1+,qtof
CCMSLIB00000848691,CCMSLIB00000847638,1,C4H6,301.107,247.06,54.047000000000025,[M+H]1+,qtof
CCMSLIB00000845500,CCMSLIB00000847640,1,C2H2O1,327.18,285.169,42.011000000000024,[M+H]1+,qtof
CCMSLIB00000851309,CCMSLIB00000847640,1,C1H2,299.185,285.169,14.01600000000002,[M+H]1+,qtof
CCMSLIB00000847297,CCMSLIB00000847642,1,C1H2,357.227,343.211,14.015999999999963,[M+H]1+,qtof
CCMSLIB00005721883,CCMSLIB00000847642,1,C1H2,357.228,343.211,14.016999999999996,[M+H]1+,qtof
CCMSLIB00000848712,CCMSLIB00000847658,1,H-2O1,467.118,453.139,13.978999999999985,[M+H]1+,qtof
CCMSLIB00000846010,CCMSLIB00000847659,1,O1,479.118,463.123,15.995000000000005,[M+H]1+,qtof
CCMSLIB00000848516,CCMSLIB00000847659,1,C2H2O1,505.134,463.123,42.011000000000024,[M+H]1+,qtof
CCMSLIB00000847616,CCMSLIB00000847695,1,H-2O1,559.123,545.144,13.979000000000042,[M+H]1+,qtof
CCMSLIB00000846559,CCMSLIB00000847707,1,C1H2O1,637.176,607.165,30.01100000000008,[M+H]1+,qtof
CCMSLIB00000847200,CCMSLIB00000847721,1,O1,231.122,215.128,15.994000000000028,[M+H]1+,qtof
CCMSLIB00000851534,CCMSLIB00000847726,1,O1,403.196,387.201,15.995000000000005,[M+H]1+,qtof
CCMSLIB00000850596,CCMSLIB00000847730,1,C2H2O2,520.173,462.168,58.004999999999995,[M+H]1+,qtof
CCMSLIB00000852969,CCMSLIB00000847730,1,C3H7N3,547.232,462.168,85.06399999999996,[M+H]1+,qtof
CCMSLIB00000847878,CCMSLIB00000847737,1,O1,273.075,257.081,15.993999999999971,[M+H]1+,qtof
CCMSLIB00000849912,CCMSLIB00000847737,1,C1H2,271.096,257.081,14.014999999999986,[M+H]1+,qtof
CCMSLIB00000848546,CCMSLIB00000847739,1,O1,277.107,261.112,15.995000000000005,[M+H]1+,qtof
CCMSLIB00000845091,CCMSLIB00000847742,1,C5H6O1,377.159,295.117,82.04199999999997,[M+H]1+,qtof
CCMSLIB00000845895,CCMSLIB00000847742,1,C5H8O1,379.175,295.117,84.05799999999999,[M+H]1+,qtof
CCMSLIB00000847459,CCMSLIB00000847742,1,C5H6O1,377.159,295.117,82.04199999999997,[M+H]1+,qtof
CCMSLIB00000847764,CCMSLIB00000847742,1,C5H6O1,377.159,295.117,82.04199999999997,[M+H]1+,qtof
CCMSLIB00000848725,CCMSLIB00000847742,1,C5H8O1,379.175,295.117,84.05799999999999,[M+H]1+,qtof
CCMSLIB00005721197,CCMSLIB00000847742,1,C5H8O1,379.177,295.117,84.06,[M+H]1+,qtof
CCMSLIB00000849010,CCMSLIB00000847750,1,C1H2O1,261.075,231.065,30.00999999999999,[M+H]1+,qtof
CCMSLIB00005721455,CCMSLIB00000847750,1,C1H2O1,261.076,231.065,30.011000000000024,[M+H]1+,qtof
CCMSLIB00000849041,CCMSLIB00000847751,1,C6H10O5,519.186,357.133,162.05300000000005,[M+H]1+,qtof
CCMSLIB00000847826,CCMSLIB00000847752,1,C7H4O5,633.108,465.102,168.00599999999997,[M+H]1+,qtof
CCMSLIB00000848904,CCMSLIB00000847752,1,C1H2,479.118,465.102,14.01600000000002,[M+H]1+,qtof
CCMSLIB00000848954,CCMSLIB00000847752,1,C7H4O4,617.113,465.102,152.01100000000008,[M+H]1+,qtof
CCMSLIB00000849015,CCMSLIB00000847752,1,O1,481.097,465.102,15.995000000000005,[M+H]1+,qtof
CCMSLIB00005721617,CCMSLIB00000847752,1,C1H2,479.119,465.102,14.017000000000053,[M+H]1+,qtof
CCMSLIB00000845245,CCMSLIB00000847757,1,O1,627.155,611.16,15.995000000000005,[M+H]1+,qtof
CCMSLIB00000847289,CCMSLIB00000847757,1,C6H10O5,773.213,611.16,162.053,[M+H]1+,qtof
CCMSLIB00000848525,CCMSLIB00000847757,1,O1,627.155,611.16,15.995000000000005,[M+H]1+,qtof
CCMSLIB00000845854,CCMSLIB00000847772,1,C5H8O4,595.165,463.123,132.04199999999997,[M+H]1+,qtof
CCMSLIB00000848269,CCMSLIB00000847773,1,C6H8O4,755.239,611.197,144.04200000000003,[M+H]1+,qtof
CCMSLIB00000847610,CCMSLIB00000847779,1,C1H2,269.081,255.065,14.01600000000002,[M+H]1+,qtof
CCMSLIB00000847611,CCMSLIB00000847779,1,O1,271.06,255.065,15.995000000000005,[M+H]1+,qtof
CCMSLIB00000848834,CCMSLIB00000847779,1,C5H8,323.128,255.065,68.06299999999999,[M+H]1+,qtof
CCMSLIB00000849011,CCMSLIB00000847779,1,C1H2O1,285.075,255.065,30.00999999999999,[M+H]1+,qtof
CCMSLIB00000848797,CCMSLIB00000847783,1,C1H2,531.149,517.134,14.014999999999986,[M+H]1+,qtof
CCMSLIB00000845054,CCMSLIB00000847785,1,C4H8O2,305.102,217.049,88.05299999999997,[M+H]1+,qtof
CCMSLIB00000847016,CCMSLIB00000847785,1,C4H6O1,287.091,217.049,70.042,[M+H]1+,qtof
CCMSLIB00000847577,CCMSLIB00000847785,1,C5H8,285.112,217.049,68.06300000000002,[M+H]1+,qtof
CCMSLIB00000847638,CCMSLIB00000847785,1,C1H2O1,247.06,217.049,30.010999999999996,[M+H]1+,qtof
CCMSLIB00000848643,CCMSLIB00000847785,1,C5H8O2,317.102,217.049,100.05299999999997,[M+H]1+,qtof
CCMSLIB00005721238,CCMSLIB00000847785,1,C5H8,285.114,217.049,68.06499999999997,[M+H]1+,qtof
CCMSLIB00000845594,CCMSLIB00000847787,1,O1,273.075,257.081,15.993999999999971,[M+H]1+,qtof
CCMSLIB00000847148,CCMSLIB00000847787,1,C5H8,325.143,257.081,68.06199999999995,[M+H]1+,qtof
CCMSLIB00000848592,CCMSLIB00000847787,1,C1H2O1,287.091,257.081,30.00999999999999,[M+H]1+,qtof
CCMSLIB00000848799,CCMSLIB00000847787,1,O1,273.075,257.081,15.993999999999971,[M+H]1+,qtof
CCMSLIB00000848331,CCMSLIB00000847788,1,C1H2,285.075,271.06,14.014999999999986,[M+H]1+,qtof
CCMSLIB00000848454,CCMSLIB00000847788,1,C1H2O1,301.07,271.06,30.00999999999999,[M+H]1+,qtof
CCMSLIB00000847144,CCMSLIB00000847789,1,O1,305.065,289.07,15.995000000000005,[M+H]1+,qtof
CCMSLIB00000848693,CCMSLIB00000847789,1,O1,305.065,289.07,15.995000000000005,[M+H]1+,qtof
CCMSLIB00000845271,CCMSLIB00000847801,1,C1H2,419.206,405.191,14.015000000000043,[M+H]1+,qtof
CCMSLIB00000850906,CCMSLIB00000847817,1,H-2O1,873.411,859.432,13.978999999999928,[M+H]1+,qtof
CCMSLIB00000847787,CCMSLIB00000847819,1,O1,257.081,241.086,15.995000000000005,[M+H]1+,qtof
CCMSLIB00000848990,CCMSLIB00000847819,1,C1H2,255.101,241.086,14.014999999999986,[M+H]1+,qtof
CCMSLIB00000845197,CCMSLIB00000847820,1,C5H6O1,329.138,247.096,82.04199999999997,[M+H]1+,qtof
CCMSLIB00000845363,CCMSLIB00000847820,1,C5H8,315.159,247.096,68.06299999999999,[M+H]1+,qtof
CCMSLIB00000845503,CCMSLIB00000847820,1,C5H6O1,329.138,247.096,82.04199999999997,[M+H]1+,qtof
CCMSLIB00000847261,CCMSLIB00000847820,1,C5H8,315.159,247.096,68.06299999999999,[M+H]1+,qtof
CCMSLIB00000847540,CCMSLIB00000847829,1,C2H2O2,506.157,448.152,58.004999999999995,[M+H]1+,qtof
CCMSLIB00000847541,CCMSLIB00000847829,1,C4H6O2,534.189,448.152,86.03699999999998,[M+H]1+,qtof
CCMSLIB00000848171,CCMSLIB00000847838,1,C1H2,155.07,141.054,14.015999999999991,[M+H]1+,qtof
CCMSLIB00000845060,CCMSLIB00000847842,1,C6H10O4,595.165,449.108,146.05699999999996,[M+H]1+,qtof
CCMSLIB00000845303,CCMSLIB00000847842,1,O1,465.102,449.108,15.993999999999971,[M+H]1+,qtof
CCMSLIB00000846155,CCMSLIB00000847842,1,C6H10O4,595.165,449.108,146.05699999999996,[M+H]1+,qtof
CCMSLIB00000846403,CCMSLIB00000847842,1,C6H10O4,595.165,449.108,146.05699999999996,[M+H]1+,qtof
CCMSLIB00000846803,CCMSLIB00000847842,1,H-2O1,463.087,449.108,13.978999999999985,[M+H]1+,qtof
CCMSLIB00000846944,CCMSLIB00000847842,1,C5H8O4,581.15,449.108,132.04199999999997,[M+H]1+,qtof
CCMSLIB00000848126,CCMSLIB00000847842,1,C6H10O5,611.16,449.108,162.05199999999996,[M+H]1+,qtof
CCMSLIB00000848249,CCMSLIB00000847842,1,O1,465.102,449.108,15.993999999999971,[M+H]1+,qtof
CCMSLIB00000848318,CCMSLIB00000847842,1,C7H4O4,601.119,449.108,152.01100000000002,[M+H]1+,qtof
CCMSLIB00000848486,CCMSLIB00000847842,1,C1H2O1,479.118,449.108,30.00999999999999,[M+H]1+,qtof
CCMSLIB00000848930,CCMSLIB00000847842,1,C5H8O4,581.15,449.108,132.04199999999997,[M+H]1+,qtof
CCMSLIB00000848960,CCMSLIB00000847842,1,C6H10O4,595.165,449.108,146.05699999999996,[M+H]1+,qtof
CCMSLIB00000849018,CCMSLIB00000847842,1,C9H6O2,595.144,449.108,146.036,[M+H]1+,qtof
CCMSLIB00005721451,CCMSLIB00000847842,1,C7H4O4,601.119,449.108,152.01100000000002,[M+H]1+,qtof
CCMSLIB00005721600,CCMSLIB00000847842,1,C6H10O4,595.168,449.108,146.06,[M+H]1+,qtof
CCMSLIB00000846977,CCMSLIB00000847843,1,C1H2,525.29,511.275,14.014999999999986,[M+H]1+,qtof
CCMSLIB00000848262,CCMSLIB00000847852,1,C5H6O1,387.144,305.102,82.04200000000003,[M+H]1+,qtof
CCMSLIB00000846043,CCMSLIB00000847858,1,C1O2,551.103,507.113,43.98999999999995,[M+H]1+,qtof
CCMSLIB00005721176,CCMSLIB00000847858,1,C1O2,551.102,507.113,43.988999999999976,[M+H]1+,qtof
CCMSLIB00000845164,CCMSLIB00000847866,1,C1H2,207.065,193.049,14.015999999999991,[M+H]1+,qtof
CCMSLIB00000845657,CCMSLIB00000847866,1,O1,209.044,193.049,15.995000000000005,[M+H]1+,qtof
CCMSLIB00000846458,CCMSLIB00000847866,1,C1H2O1,223.06,193.049,30.010999999999996,[M+H]1+,qtof
CCMSLIB00000847767,CCMSLIB00000847866,1,C5H8,261.112,193.049,68.06300000000002,[M+H]1+,qtof
CCMSLIB00000848379,CCMSLIB00000847866,1,C5H8O1,277.107,193.049,84.05800000000002,[M+H]1+,qtof
CCMSLIB00005721518,CCMSLIB00000847866,1,O1,209.045,193.049,15.995999999999981,[M+H]1+,qtof
CCMSLIB00000845337,CCMSLIB00000847877,1,C1H2O1,239.091,209.081,30.01000000000002,[M+H]1+,qtof
CCMSLIB00000847096,CCMSLIB00000847883,1,C5H6,393.206,327.159,66.04700000000003,[M+H]1+,qtof
CCMSLIB00000847579,CCMSLIB00000847887,1,O1,427.138,411.144,15.993999999999971,[M+H]1+,qtof
CCMSLIB00000847755,CCMSLIB00000847898,1,C1H2,491.118,477.102,14.01600000000002,[M+H]1+,qtof
CCMSLIB00000847851,CCMSLIB00000847899,1,C1H2,301.07,287.055,14.014999999999986,[M+H]1+,qtof
CCMSLIB00000845058,CCMSLIB00000847904,1,C1O2,479.082,435.092,43.99000000000001,[M+H]1+,qtof
CCMSLIB00000845303,CCMSLIB00000847904,1,C1H2O1,465.102,435.092,30.00999999999999,[M+H]1+,qtof
CCMSLIB00000846043,CCMSLIB00000847904,1,C4H4O4,551.103,435.092,116.01099999999997,[M+H]1+,qtof
CCMSLIB00000847858,CCMSLIB00000847904,1,C3H4O2,507.113,435.092,72.02100000000002,[M+H]1+,qtof
CCMSLIB00000848249,CCMSLIB00000847904,1,C1H2O1,465.102,435.092,30.00999999999999,[M+H]1+,qtof
CCMSLIB00000848355,CCMSLIB00000847904,1,C7H12O5,611.16,435.092,176.06799999999998,[M+H]1+,qtof
CCMSLIB00000848751,CCMSLIB00000847904,1,C1H2,449.108,435.092,14.01600000000002,[M+H]1+,qtof
CCMSLIB00000848846,CCMSLIB00000847904,1,C7H12O5,611.16,435.092,176.06799999999998,[M+H]1+,qtof
CCMSLIB00005721176,CCMSLIB00000847904,1,C4H4O4,551.102,435.092,116.00999999999999,[M+H]1+,qtof
CCMSLIB00000846498,CCMSLIB00000847905,1,C10H18O3,763.52,577.394,186.12599999999998,[M+H]1+,qtof
CCMSLIB00000846749,CCMSLIB00000847905,1,C6H12O5,741.463,577.394,164.06899999999996,[M+H]1+,qtof
CCMSLIB00005721423,CCMSLIB00000847905,1,C10H18O3,763.524,577.394,186.13,[M+H]1+,qtof
CCMSLIB00000848992,CCMSLIB00000847921,1,C1H2,363.107,349.092,14.015000000000043,[M+H]1+,qtof
CCMSLIB00005721611,CCMSLIB00000847921,1,C1H2,363.11,349.092,14.018000000000029,[M+H]1+,qtof
CCMSLIB00000846191,CCMSLIB00000847923,1,C9H8O3,567.222,403.175,164.04699999999997,[M+H]1+,qtof
CCMSLIB00000846479,CCMSLIB00000847946,1,C2H2O2,323.076,265.07,58.00600000000003,[M+H]1+,qtof
CCMSLIB00000848433,CCMSLIB00000847946,1,C1O2,309.06,265.07,43.99000000000001,[M+H]1+,qtof
CCMSLIB00000846721,CCMSLIB00000847956,1,C1H2,245.117,231.101,14.015999999999991,[M+H]1+,qtof
CCMSLIB00000847767,CCMSLIB00000847956,1,C1H2O1,261.112,231.101,30.011000000000024,[M+H]1+,qtof
CCMSLIB00000848746,CCMSLIB00000847956,1,C5H8,299.164,231.101,68.06299999999999,[M+H]1+,qtof
CCMSLIB00000849003,CCMSLIB00000847957,1,C9H6O3,517.134,355.102,162.03200000000004,[M+H]1+,qtof
CCMSLIB00000847856,CCMSLIB00000847961,1,O1,467.118,451.123,15.995000000000005,[M+H]1+,qtof
CCMSLIB00005721381,CCMSLIB00000847961,1,O1,467.119,451.123,15.996000000000038,[M+H]1+,qtof
CCMSLIB00000845431,CCMSLIB00000847965,1,C6H10O5,741.223,579.171,162.0519999999999,[M+H]1+,qtof
CCMSLIB00000845805,CCMSLIB00000847965,1,O1,595.165,579.171,15.993999999999915,[M+H]1+,qtof
CCMSLIB00000847182,CCMSLIB00000847965,1,C1H2,593.186,579.171,14.014999999999986,[M+H]1+,qtof
CCMSLIB00000848530,CCMSLIB00000847965,1,O1,595.165,579.171,15.993999999999915,[M+H]1+,qtof
CCMSLIB00000845084,CCMSLIB00000847969,1,O1,207.065,191.07,15.995000000000005,[M+H]1+,qtof
CCMSLIB00000845283,CCMSLIB00000847969,1,C2H4O1,235.096,191.07,44.02600000000001,[M+H]1+,qtof
CCMSLIB00000848911,CCMSLIB00000847981,1,O1,443.133,427.138,15.995000000000005,[M+H]1+,qtof
CCMSLIB00000852814,CCMSLIB00000847984,1,C1H2,208.097,194.081,14.01600000000002,[M+H]1+,qtof
CCMSLIB00000845378,CCMSLIB00000847988,1,O1,595.165,579.171,15.993999999999915,[M+H]1+,qtof
CCMSLIB00000847333,CCMSLIB00000847988,1,O1,595.165,579.171,15.993999999999915,[M+H]1+,qtof
CCMSLIB00005721178,CCMSLIB00000847988,1,O1,595.167,579.171,15.995999999999981,[M+H]1+,qtof
CCMSLIB00000848357,CCMSLIB00000847993,1,O1,771.234,755.239,15.995000000000005,[M+H]1+,qtof
CCMSLIB00000846183,CCMSLIB00000847997,1,C1H2,337.107,323.091,14.01600000000002,[M+H]1+,qtof
CCMSLIB00000848965,CCMSLIB00000847997,1,O1,339.086,323.091,15.995000000000005,[M+H]1+,qtof
CCMSLIB00000848268,CCMSLIB00000848001,1,C1H2O1,718.336,688.326,30.00999999999999,[M+H]1+,qtof
CCMSLIB00005721161,CCMSLIB00000848001,1,C1H2O1,718.337,688.326,30.010999999999967,[M+H]1+,qtof
CCMSLIB00000847997,CCMSLIB00000848009,1,O1,323.091,307.096,15.995000000000005,[M+H]1+,qtof
CCMSLIB00000845128,CCMSLIB00000848010,1,H-1Cl1,383.053,349.092,33.96100000000001,[M+H]1+,qtof
CCMSLIB00000847465,CCMSLIB00000848010,1,H-1Cl1,383.053,349.092,33.96100000000001,[M+H]1+,qtof
CCMSLIB00000847498,CCMSLIB00000848010,1,C1H2,363.107,349.092,14.015000000000043,[M+H]1+,qtof
CCMSLIB00005721621,CCMSLIB00000848010,1,H-1Cl1,383.052,349.092,33.960000000000036,[M+H]1+,qtof
CCMSLIB00000849433,CCMSLIB00000848018,1,O1,235.096,219.101,15.995000000000005,[M+H]1+,qtof
CCMSLIB00000847571,CCMSLIB00000848021,1,C7H4O2,529.134,409.113,120.02100000000002,[M+H]1+,qtof
CCMSLIB00000848044,CCMSLIB00000848021,1,C7H4O4,561.124,409.113,152.01100000000002,[M+H]1+,qtof
CCMSLIB00005721465,CCMSLIB00000848021,1,C7H4O2,529.136,409.113,120.02299999999997,[M+H]1+,qtof
CCMSLIB00000846831,CCMSLIB00000848027,1,C1H2O1,385.128,355.117,30.010999999999967,[M+H]1+,qtof
CCMSLIB00000845625,CCMSLIB00000848028,1,C1H2,401.019,387.003,14.01600000000002,[M+H]1+,qtof
CCMSLIB00000848435,CCMSLIB00000848029,1,C1H2,432.295,418.28,14.015000000000043,[M+H]1+,qtof
CCMSLIB00000848440,CCMSLIB00000848029,1,C8H14O2,560.379,418.28,142.09900000000005,[M+H]1+,qtof
CCMSLIB00000847830,CCMSLIB00000848033,1,C1O2,471.201,427.211,43.99000000000001,[M+H]1+,qtof
CCMSLIB00005721589,CCMSLIB00000848033,1,C1O2,471.202,427.211,43.990999999999985,[M+H]1+,qtof
CCMSLIB00000847476,CCMSLIB00000848039,1,C1H2O1,289.107,259.096,30.011000000000024,[M+H]1+,qtof
CCMSLIB00000848164,CCMSLIB00000848059,1,O1,355.102,339.107,15.994999999999948,[M+H]1+,qtof
CCMSLIB00000848634,CCMSLIB00000848059,1,O1,355.102,339.107,15.994999999999948,[M+H]1+,qtof
CCMSLIB00000853669,CCMSLIB00000848059,1,C1H2O1,369.118,339.107,30.010999999999967,[M+H]1+,qtof
CCMSLIB00000845056,CCMSLIB00000848072,1,C1H2O1,449.108,419.097,30.011000000000024,[M+H]1+,qtof
CCMSLIB00000845060,CCMSLIB00000848072,1,C7H12O5,595.165,419.097,176.06799999999998,[M+H]1+,qtof
CCMSLIB00000846155,CCMSLIB00000848072,1,C7H12O5,595.165,419.097,176.06799999999998,[M+H]1+,qtof
CCMSLIB00000846803,CCMSLIB00000848072,1,C1O2,463.087,419.097,43.99000000000001,[M+H]1+,qtof
CCMSLIB00000846968,CCMSLIB00000848072,1,C6H10O4,565.155,419.097,146.058,[M+H]1+,qtof
CCMSLIB00000847842,CCMSLIB00000848072,1,C1H2O1,449.108,419.097,30.011000000000024,[M+H]1+,qtof
CCMSLIB00000847904,CCMSLIB00000848072,1,O1,435.092,419.097,15.995000000000005,[M+H]1+,qtof
CCMSLIB00000848318,CCMSLIB00000848072,1,C8H6O5,601.119,419.097,182.02200000000005,[M+H]1+,qtof
CCMSLIB00000848655,CCMSLIB00000848072,1,C1H2,433.113,419.097,14.01600000000002,[M+H]1+,qtof
CCMSLIB00000848777,CCMSLIB00000848072,1,C6H10O4,565.155,419.097,146.058,[M+H]1+,qtof
CCMSLIB00000848930,CCMSLIB00000848072,1,C6H10O5,581.15,419.097,162.053,[M+H]1+,qtof
CCMSLIB00000849018,CCMSLIB00000848072,1,C10H8O3,595.144,419.097,176.04700000000003,[M+H]1+,qtof
CCMSLIB00005721451,CCMSLIB00000848072,1,C8H6O5,601.119,419.097,182.02200000000005,[M+H]1+,qtof
CCMSLIB00000845624,CCMSLIB00000848079,1,C1H2,333.097,319.081,14.015999999999963,[M+H]1+,qtof
CCMSLIB00000848931,CCMSLIB00000848079,1,C1H2,333.097,319.081,14.015999999999963,[M+H]1+,qtof
CCMSLIB00000845779,CCMSLIB00000848082,1,H-1Cl1,407.198,373.237,33.960999999999956,[M+H]1+,qtof
CCMSLIB00000845675,CCMSLIB00000848089,1,C9H6O2,541.17,395.133,146.03699999999998,[M+H]1+,qtof
CCMSLIB00005721521,CCMSLIB00000848089,1,C9H6O2,541.173,395.133,146.04000000000002,[M+H]1+,qtof
CCMSLIB00000852525,CCMSLIB00000848108,1,C2H2O1,395.162,353.151,42.01099999999997,[M+H]1+,qtof
CCMSLIB00000848144,CCMSLIB00000848112,1,C6H10O5,665.389,503.336,162.053,[M+H]1+,qtof
CCMSLIB00000846723,CCMSLIB00000848118,1,O1,305.065,289.07,15.995000000000005,[M+H]1+,qtof
CCMSLIB00000848832,CCMSLIB00000848119,1,O1,313.143,297.148,15.994999999999948,[M+H]1+,qtof
CCMSLIB00000847463,CCMSLIB00000848126,1,C6H10O4,757.218,611.16,146.058,[M+H]1+,qtof
CCMSLIB00000847505,CCMSLIB00000848126,1,C1H2,625.176,611.16,14.016000000000076,[M+H]1+,qtof
CCMSLIB00005721775,CCMSLIB00000848126,1,C6H10O4,757.222,611.16,146.062,[M+H]1+,qtof
CCMSLIB00000846550,CCMSLIB00000848128,1,C1H2O1,253.086,223.075,30.011000000000024,[M+H]1+,qtof
CCMSLIB00000847204,CCMSLIB00000848128,1,C1H2O1,253.086,223.075,30.011000000000024,[M+H]1+,qtof
CCMSLIB00000847373,CCMSLIB00000848128,1,O1,239.07,223.075,15.995000000000005,[M+H]1+,qtof
CCMSLIB00000847375,CCMSLIB00000848128,1,C1H2O1,253.086,223.075,30.011000000000024,[M+H]1+,qtof
CCMSLIB00000848420,CCMSLIB00000848128,1,O1,239.07,223.075,15.995000000000005,[M+H]1+,qtof
CCMSLIB00000848899,CCMSLIB00000848128,1,C1H2O1,253.086,223.075,30.011000000000024,[M+H]1+,qtof
CCMSLIB00000849074,CCMSLIB00000848128,1,O1,239.07,223.075,15.995000000000005,[M+H]1+,qtof
CCMSLIB00000845389,CCMSLIB00000848129,1,C5H6,325.143,259.096,66.04699999999997,[M+H]1+,qtof
CCMSLIB00000845418,CCMSLIB00000848129,1,C1H2,273.112,259.096,14.01600000000002,[M+H]1+,qtof
CCMSLIB00000845594,CCMSLIB00000848129,1,H-2O1,273.075,259.096,13.978999999999985,[M+H]1+,qtof
CCMSLIB00000845714,CCMSLIB00000848129,1,C1,271.096,259.096,12.0,[M+H]1+,qtof
CCMSLIB00000846005,CCMSLIB00000848129,1,C1O1,287.091,259.096,27.995000000000005,[M+H]1+,qtof
CCMSLIB00000846117,CCMSLIB00000848129,1,C1O1,287.091,259.096,27.995000000000005,[M+H]1+,qtof
CCMSLIB00000847382,CCMSLIB00000848129,1,C1,271.096,259.096,12.0,[M+H]1+,qtof
CCMSLIB00000847461,CCMSLIB00000848129,1,C7H4O2,379.117,259.096,120.02100000000002,[M+H]1+,qtof
CCMSLIB00000847755,CCMSLIB00000848133,1,C1H2O1,491.118,461.108,30.00999999999999,[M+H]1+,qtof
CCMSLIB00000847898,CCMSLIB00000848133,1,O1,477.102,461.108,15.993999999999971,[M+H]1+,qtof
CCMSLIB00000848639,CCMSLIB00000848133,1,O1,477.102,461.108,15.993999999999971,[M+H]1+,qtof
CCMSLIB00000845838,CCMSLIB00000848134,1,C6H10O5,713.228,551.176,162.0519999999999,[M+H]1+,qtof
CCMSLIB00000848221,CCMSLIB00000848136,1,O1,597.181,581.186,15.995000000000005,[M+H]1+,qtof
CCMSLIB00000848477,CCMSLIB00000848136,1,C1H2,595.202,581.186,14.015999999999963,[M+H]1+,qtof
CCMSLIB00000848160,CCMSLIB00000848138,1,C7H4O4,459.092,307.081,152.01099999999997,[M+H]1+,qtof
CCMSLIB00000846428,CCMSLIB00000848148,1,O1,287.055,271.06,15.995000000000005,[M+H]1+,qtof
CCMSLIB00000848480,CCMSLIB00000848149,1,C1H2,285.112,271.096,14.01600000000002,[M+H]1+,qtof
CCMSLIB00000845372,CCMSLIB00000848152,1,O1,447.092,431.097,15.995000000000005,[M+H]1+,qtof
CCMSLIB00000846386,CCMSLIB00000848152,1,C1H2O1,461.108,431.097,30.011000000000024,[M+H]1+,qtof
CCMSLIB00000848133,CCMSLIB00000848152,1,C1H2O1,461.108,431.097,30.011000000000024,[M+H]1+,qtof
CCMSLIB00000848637,CCMSLIB00000848152,1,O1,447.092,431.097,15.995000000000005,[M+H]1+,qtof
CCMSLIB00000845642,CCMSLIB00000848157,1,C1H2,361.092,347.076,14.015999999999963,[M+H]1+,qtof
CCMSLIB00000848426,CCMSLIB00000848157,1,C1H2,361.092,347.076,14.015999999999963,[M+H]1+,qtof
CCMSLIB00000848806,CCMSLIB00000848157,1,C1H2,361.092,347.076,14.015999999999963,[M+H]1+,qtof
CCMSLIB00000848205,CCMSLIB00000848158,1,C2H2O1,425.232,383.221,42.011000000000024,[M+H]1+,qtof
CCMSLIB00000846161,CCMSLIB00000848164,1,C9H6O3,517.134,355.102,162.03200000000004,[M+H]1+,qtof
CCMSLIB00000847509,CCMSLIB00000848164,1,C9H6O3,517.134,355.102,162.03200000000004,[M+H]1+,qtof
CCMSLIB00000847734,CCMSLIB00000848164,1,C1H2,369.118,355.102,14.01600000000002,[M+H]1+,qtof
CCMSLIB00000847783,CCMSLIB00000848164,1,C9H6O3,517.134,355.102,162.03200000000004,[M+H]1+,qtof
CCMSLIB00000848797,CCMSLIB00000848164,1,C10H8O3,531.149,355.102,176.04700000000003,[M+H]1+,qtof
CCMSLIB00000849003,CCMSLIB00000848164,1,C9H6O3,517.134,355.102,162.03200000000004,[M+H]1+,qtof
CCMSLIB00000853669,CCMSLIB00000848164,1,C1H2,369.118,355.102,14.01600000000002,[M+H]1+,qtof
CCMSLIB00005721779,CCMSLIB00000848164,1,C9H6O3,517.136,355.102,162.034,[M+H]1+,qtof
CCMSLIB00000845861,CCMSLIB00000848169,1,C8H12O5,1033.35,845.286,188.06399999999996,[M+H]1+,qtof
CCMSLIB00000847443,CCMSLIB00000848178,1,O1,180.102,164.107,15.995000000000005,[M+H]1+,qtof
CCMSLIB00000853132,CCMSLIB00000848178,1,C1O2,208.097,164.107,43.99000000000001,[M+H]1+,qtof
CCMSLIB00000845194,CCMSLIB00000848179,1,C2O3,303.107,231.122,71.98500000000001,[M+H]1+,qtof
CCMSLIB00000845061,CCMSLIB00000848182,1,C5H8O4,803.224,671.182,132.04200000000003,[M+H]1+,qtof
CCMSLIB00005721479,CCMSLIB00000848182,1,C5H8O4,803.224,671.182,132.04200000000003,[M+H]1+,qtof
CCMSLIB00000846278,CCMSLIB00000848199,1,C4H8,649.379,593.316,56.06299999999999,[M+H]1+,qtof
CCMSLIB00000845068,CCMSLIB00000848216,1,C1H2O1,463.123,433.113,30.00999999999999,[M+H]1+,qtof
CCMSLIB00000846041,CCMSLIB00000848216,1,O1,449.108,433.113,15.995000000000005,[M+H]1+,qtof
CCMSLIB00000847748,CCMSLIB00000848216,1,C6H10O6,611.16,433.113,178.04699999999997,[M+H]1+,qtof
CCMSLIB00000848682,CCMSLIB00000848217,1,C1H2,540.316,526.301,14.014999999999986,[M+H]1+,qtof
CCMSLIB00000848825,CCMSLIB00000848221,1,C1H2,611.197,597.181,14.015999999999963,[M+H]1+,qtof
CCMSLIB00000849044,CCMSLIB00000848221,1,C1H2,611.197,597.181,14.015999999999963,[M+H]1+,qtof
CCMSLIB00000853342,CCMSLIB00000848224,1,C6H10O5,831.292,669.239,162.053,[M+H]1+,qtof
CCMSLIB00000846262,CCMSLIB00000848233,1,O1,423.18,407.185,15.995000000000005,[M+H]1+,qtof
CCMSLIB00000848788,CCMSLIB00000848233,1,O1,423.18,407.185,15.995000000000005,[M+H]1+,qtof
CCMSLIB00000848418,CCMSLIB00000848244,1,C1H2,889.5,875.484,14.015999999999963,[M+H]1+,qtof
CCMSLIB00000845058,CCMSLIB00000848249,1,H-2O1,479.082,465.102,13.980000000000018,[M+H]1+,qtof
CCMSLIB00000845245,CCMSLIB00000848249,1,C6H10O5,627.155,465.102,162.053,[M+H]1+,qtof
CCMSLIB00000845329,CCMSLIB00000848249,1,C6H10O5,627.155,465.102,162.053,[M+H]1+,qtof
CCMSLIB00000846043,CCMSLIB00000848249,1,C3H2O3,551.103,465.102,86.00099999999998,[M+H]1+,qtof
CCMSLIB00000847858,CCMSLIB00000848249,1,C2H2O1,507.113,465.102,42.011000000000024,[M+H]1+,qtof
CCMSLIB00000848142,CCMSLIB00000848249,1,C5H8O4,597.145,465.102,132.043,[M+H]1+,qtof
CCMSLIB00000848143,CCMSLIB00000848249,1,C7H4O4,617.113,465.102,152.01100000000008,[M+H]1+,qtof
CCMSLIB00000848355,CCMSLIB00000848249,1,C6H10O4,611.16,465.102,146.058,[M+H]1+,qtof
CCMSLIB00000848486,CCMSLIB00000848249,1,C1H2,479.118,465.102,14.01600000000002,[M+H]1+,qtof
CCMSLIB00000848525,CCMSLIB00000848249,1,C6H10O5,627.155,465.102,162.053,[M+H]1+,qtof
CCMSLIB00000848846,CCMSLIB00000848249,1,C6H10O4,611.16,465.102,146.058,[M+H]1+,qtof
CCMSLIB00000848857,CCMSLIB00000848249,1,C1H2,479.118,465.102,14.01600000000002,[M+H]1+,qtof
CCMSLIB00000849015,CCMSLIB00000848249,1,O1,481.097,465.102,15.995000000000005,[M+H]1+,qtof
CCMSLIB00005721176,CCMSLIB00000848249,1,C3H2O3,551.102,465.102,86.0,[M+H]1+,qtof
CCMSLIB00005721642,CCMSLIB00000848249,1,C7H4O4,617.115,465.102,152.01300000000003,[M+H]1+,qtof
CCMSLIB00000852867,CCMSLIB00000848250,1,C1H2,543.171,529.155,14.016000000000076,[M+H]1+,qtof
CCMSLIB00000845881,CCMSLIB00000848253,1,C18H28O5,991.599,667.405,324.1940000000001,[M+H]1+,qtof
CCMSLIB00000847709,CCMSLIB00000848272,1,C2H2O1,289.107,247.096,42.011000000000024,[M+H]1+,qtof
CCMSLIB00000845561,CCMSLIB00000848273,1,C3H6,397.149,355.102,42.047000000000025,[M+H]1+,qtof
CCMSLIB00000846382,CCMSLIB00000848275,1,O1,425.196,409.201,15.995000000000005,[M+H]1+,qtof
CCMSLIB00000847501,CCMSLIB00000848276,1,C1H2,431.029,417.014,14.014999999999986,[M+H]1+,qtof
CCMSLIB00000845928,CCMSLIB00000848278,1,C13H10O7,873.208,595.165,278.043,[M+H]1+,qtof
CCMSLIB00000846735,CCMSLIB00000848278,1,O1,611.16,595.165,15.995000000000005,[M+H]1+,qtof
CCMSLIB00000846882,CCMSLIB00000848290,1,C1H2O1,641.171,611.16,30.01100000000008,[M+H]1+,qtof
CCMSLIB00000848721,CCMSLIB00000848299,1,C2H4,252.232,224.201,28.031000000000006,[M+H]1+,qtof
CCMSLIB00005721564,CCMSLIB00000848299,1,C2H4,252.233,224.201,28.03200000000001,[M+H]1+,qtof
CCMSLIB00000845361,CCMSLIB00000848300,1,C1H2O1,285.075,255.065,30.00999999999999,[M+H]1+,qtof
CCMSLIB00000847621,CCMSLIB00000848300,1,O1,271.06,255.065,15.995000000000005,[M+H]1+,qtof
CCMSLIB00000847788,CCMSLIB00000848300,1,O1,271.06,255.065,15.995000000000005,[M+H]1+,qtof
CCMSLIB00000848378,CCMSLIB00000848300,1,O1,271.06,255.065,15.995000000000005,[M+H]1+,qtof
CCMSLIB00000849032,CCMSLIB00000848300,1,O1,271.06,255.065,15.995000000000005,[M+H]1+,qtof
CCMSLIB00000847500,CCMSLIB00000848301,1,C5H8O4,423.128,291.086,132.04199999999997,[M+H]1+,qtof
CCMSLIB00000848138,CCMSLIB00000848301,1,O1,307.081,291.086,15.995000000000005,[M+H]1+,qtof
CCMSLIB00000848341,CCMSLIB00000848301,1,C5H8O4,423.128,291.086,132.04199999999997,[M+H]1+,qtof
CCMSLIB00000848636,CCMSLIB00000848301,1,C5H8O4,423.128,291.086,132.04199999999997,[M+H]1+,qtof
CCMSLIB00000848693,CCMSLIB00000848301,1,H-2O1,305.065,291.086,13.978999999999985,[M+H]1+,qtof
CCMSLIB00005721576,CCMSLIB00000848301,1,C5H8O4,423.128,291.086,132.04199999999997,[M+H]1+,qtof
CCMSLIB00005721643,CCMSLIB00000848301,1,O1,307.082,291.086,15.995999999999981,[M+H]1+,qtof
CCMSLIB00000847004,CCMSLIB00000848313,1,O1,435.092,419.097,15.995000000000005,[M+H]1+,qtof
CCMSLIB00000845709,CCMSLIB00000848318,1,C7H4O4,753.129,601.119,152.01,[M+H]1+,qtof
CCMSLIB00000845075,CCMSLIB00000848320,1,H-1Cl1,395.044,361.083,33.960999999999956,[M+H]1+,qtof
CCMSLIB00000847803,CCMSLIB00000848325,1,O1,495.331,479.336,15.995000000000005,[M+H]1+,qtof
CCMSLIB00000848845,CCMSLIB00000848325,1,O1,495.331,479.336,15.995000000000005,[M+H]1+,qtof
CCMSLIB00005721756,CCMSLIB00000848325,1,O1,495.331,479.336,15.995000000000005,[M+H]1+,qtof
CCMSLIB00000846215,CCMSLIB00000848328,1,C1H2,1085.6,1071.58,14.019999999999982,[M+H]1+,qtof
CCMSLIB00000847206,CCMSLIB00000848330,1,O1,259.06,243.065,15.995000000000005,[M+H]1+,qtof
CCMSLIB00000848069,CCMSLIB00000848330,1,C1H2O1,273.075,243.065,30.00999999999999,[M+H]1+,qtof
CCMSLIB00000848606,CCMSLIB00000848331,1,C1H2,299.091,285.075,14.01600000000002,[M+H]1+,qtof
CCMSLIB00000846086,CCMSLIB00000848333,1,C5H8O4,581.15,449.108,132.04199999999997,[M+H]1+,qtof
CCMSLIB00000847467,CCMSLIB00000848334,1,O1,565.155,549.16,15.995000000000005,[M+H]1+,qtof
CCMSLIB00000847988,CCMSLIB00000848334,1,C1H2O1,579.171,549.16,30.01100000000008,[M+H]1+,qtof
CCMSLIB00000847998,CCMSLIB00000848336,1,C5H8,325.143,257.081,68.06199999999995,[M+H]1+,qtof
CCMSLIB00000848390,CCMSLIB00000848336,1,C1H2,271.096,257.081,14.014999999999986,[M+H]1+,qtof
CCMSLIB00000847500,CCMSLIB00000848337,1,C5H8O4,423.128,291.086,132.04199999999997,[M+H]1+,qtof
CCMSLIB00000848138,CCMSLIB00000848337,1,O1,307.081,291.086,15.995000000000005,[M+H]1+,qtof
CCMSLIB00000848341,CCMSLIB00000848337,1,C5H8O4,423.128,291.086,132.04199999999997,[M+H]1+,qtof
CCMSLIB00000848636,CCMSLIB00000848337,1,C5H8O4,423.128,291.086,132.04199999999997,[M+H]1+,qtof
CCMSLIB00000848693,CCMSLIB00000848337,1,H-2O1,305.065,291.086,13.978999999999985,[M+H]1+,qtof
CCMSLIB00005721576,CCMSLIB00000848337,1,C5H8O4,423.128,291.086,132.04199999999997,[M+H]1+,qtof
CCMSLIB00005721643,CCMSLIB00000848337,1,O1,307.082,291.086,15.995999999999981,[M+H]1+,qtof
CCMSLIB00000848366,CCMSLIB00000848338,1,C4H6,357.133,303.086,54.04699999999997,[M+H]1+,qtof
CCMSLIB00000848383,CCMSLIB00000848338,1,O1,319.081,303.086,15.995000000000005,[M+H]1+,qtof
CCMSLIB00000848642,CCMSLIB00000848349,1,C6H10O5,1065.31,903.255,162.05499999999995,[M+H]1+,qtof
CCMSLIB00000846547,CCMSLIB00000848350,1,O1,245.081,229.086,15.994999999999976,[M+H]1+,qtof
CCMSLIB00000846811,CCMSLIB00000848350,1,C1H2O1,259.096,229.086,30.00999999999999,[M+H]1+,qtof
CCMSLIB00000846143,CCMSLIB00000848351,1,C7H6O2,393.133,271.096,122.03699999999998,[M+H]1+,qtof
CCMSLIB00000848648,CCMSLIB00000848351,1,C7H6O1,377.138,271.096,106.04199999999997,[M+H]1+,qtof
CCMSLIB00000848712,CCMSLIB00000848353,1,O1,467.118,451.123,15.995000000000005,[M+H]1+,qtof
CCMSLIB00000845253,CCMSLIB00000848355,1,C9H6O2,757.197,611.16,146.03700000000003,[M+H]1+,qtof
CCMSLIB00000845616,CCMSLIB00000848355,1,C6H10O4,757.218,611.16,146.058,[M+H]1+,qtof
CCMSLIB00000845960,CCMSLIB00000848355,1,C5H8O4,743.203,611.16,132.043,[M+H]1+,qtof
CCMSLIB00000847120,CCMSLIB00000848355,1,C6H10O4,757.218,611.16,146.058,[M+H]1+,qtof
CCMSLIB00000847164,CCMSLIB00000848355,1,C1H2,625.176,611.16,14.016000000000076,[M+H]1+,qtof
CCMSLIB00000847608,CCMSLIB00000848355,1,C1H2,625.176,611.16,14.016000000000076,[M+H]1+,qtof
CCMSLIB00000848668,CCMSLIB00000848355,1,C6H10O4,757.218,611.16,146.058,[M+H]1+,qtof
CCMSLIB00005721696,CCMSLIB00000848355,1,C5H8O4,743.207,611.16,132.04700000000003,[M+H]1+,qtof
CCMSLIB00000855051,CCMSLIB00000848363,1,C4H6O1,535.219,465.177,70.04200000000003,[M+H]1+,qtof
CCMSLIB00000845848,CCMSLIB00000848367,1,C1H2,385.113,371.097,14.01600000000002,[M+H]1+,qtof
CCMSLIB00000846428,CCMSLIB00000848378,1,O1,287.055,271.06,15.995000000000005,[M+H]1+,qtof
CCMSLIB00000847433,CCMSLIB00000848378,1,O1,287.055,271.06,15.995000000000005,[M+H]1+,qtof
CCMSLIB00000847591,CCMSLIB00000848378,1,C1H2O1,301.07,271.06,30.00999999999999,[M+H]1+,qtof
CCMSLIB00000849013,CCMSLIB00000848378,1,C1H2O1,301.07,271.06,30.00999999999999,[M+H]1+,qtof
CCMSLIB00000847481,CCMSLIB00000848380,1,C2H2O2,361.092,303.086,58.00599999999997,[M+H]1+,qtof
CCMSLIB00000848383,CCMSLIB00000848380,1,O1,319.081,303.086,15.995000000000005,[M+H]1+,qtof
CCMSLIB00000852148,CCMSLIB00000848381,1,C5H6O3,425.144,311.112,114.03199999999998,[M+H]1+,qtof
CCMSLIB00000847481,CCMSLIB00000848383,1,C2H2O1,361.092,319.081,42.01099999999997,[M+H]1+,qtof
CCMSLIB00000846127,CCMSLIB00000848404,1,C5H8O4,563.176,431.133,132.04300000000006,[M+H]1+,qtof
CCMSLIB00000846401,CCMSLIB00000848404,1,C3H2O3,517.134,431.133,86.00100000000003,[M+H]1+,qtof
CCMSLIB00000847395,CCMSLIB00000848404,1,C5H8O4,563.176,431.133,132.04300000000006,[M+H]1+,qtof
CCMSLIB00000847379,CCMSLIB00000848420,1,C1H2O1,269.081,239.07,30.011000000000024,[M+H]1+,qtof
CCMSLIB00000845295,CCMSLIB00000848427,1,C2H2O1,443.243,401.232,42.01099999999997,[M+H]1+,qtof
CCMSLIB00000848706,CCMSLIB00000848427,1,C2H2O1,443.243,401.232,42.01099999999997,[M+H]1+,qtof
CCMSLIB00000847704,CCMSLIB00000848432,1,C1H2O1,330.133,300.123,30.00999999999999,[M+H]1+,qtof
CCMSLIB00000846479,CCMSLIB00000848433,1,C1H2,323.076,309.06,14.01600000000002,[M+H]1+,qtof
CCMSLIB00000847365,CCMSLIB00000848446,1,C2H2O2,379.248,321.242,58.00599999999997,[M+H]1+,qtof
CCMSLIB00000845327,CCMSLIB00000848450,1,C5H8O4,565.155,433.113,132.04199999999997,[M+H]1+,qtof
CCMSLIB00000845374,CCMSLIB00000848450,1,O1,449.108,433.113,15.995000000000005,[M+H]1+,qtof
CCMSLIB00000846624,CCMSLIB00000848450,1,C6H10O4,579.171,433.113,146.05800000000005,[M+H]1+,qtof
CCMSLIB00000848573,CCMSLIB00000848450,1,C6H10O4,579.171,433.113,146.05800000000005,[M+H]1+,qtof
CCMSLIB00000848637,CCMSLIB00000848450,1,H-2O1,447.092,433.113,13.978999999999985,[M+H]1+,qtof
CCMSLIB00000848861,CCMSLIB00000848450,1,O1,449.108,433.113,15.995000000000005,[M+H]1+,qtof
CCMSLIB00005721179,CCMSLIB00000848450,1,O1,449.109,433.113,15.995999999999981,[M+H]1+,qtof
CCMSLIB00000847467,CCMSLIB00000848457,1,C1H2O1,565.155,535.144,30.010999999999967,[M+H]1+,qtof
CCMSLIB00000848866,CCMSLIB00000848457,1,C1H2O1,565.155,535.144,30.010999999999967,[M+H]1+,qtof
CCMSLIB00005721165,CCMSLIB00000848457,1,C1H2O1,565.157,535.144,30.013000000000034,[M+H]1+,qtof
CCMSLIB00000848825,CCMSLIB00000848477,1,O1,611.197,595.202,15.995000000000005,[M+H]1+,qtof
CCMSLIB00000849044,CCMSLIB00000848477,1,O1,611.197,595.202,15.995000000000005,[M+H]1+,qtof
CCMSLIB00000846026,CCMSLIB00000848486,1,H-2O1,493.097,479.118,13.978999999999985,[M+H]1+,qtof
CCMSLIB00000847164,CCMSLIB00000848486,1,C6H10O4,625.176,479.118,146.05800000000005,[M+H]1+,qtof
CCMSLIB00000847608,CCMSLIB00000848486,1,C6H10O4,625.176,479.118,146.05800000000005,[M+H]1+,qtof
CCMSLIB00000848610,CCMSLIB00000848486,1,C6H10O4,625.176,479.118,146.05800000000005,[M+H]1+,qtof
CCMSLIB00000848409,CCMSLIB00000848500,1,C1H2,254.138,240.123,14.015000000000015,[M+H]1+,qtof
CCMSLIB00000847745,CCMSLIB00000848516,1,O1,521.129,505.134,15.995000000000005,[M+H]1+,qtof
CCMSLIB00000848617,CCMSLIB00000848518,1,C7H6O2,387.253,265.216,122.03699999999998,[M+H]1+,qtof
CCMSLIB00000845447,CCMSLIB00000848529,1,C1H2,511.326,497.311,14.015000000000043,[M+H]1+,qtof
CCMSLIB00005721293,CCMSLIB00000848529,1,C1H2,511.328,497.311,14.016999999999996,[M+H]1+,qtof
CCMSLIB00000848347,CCMSLIB00000848536,1,O1,759.198,743.203,15.995000000000005,[M+H]1+,qtof
CCMSLIB00005721861,CCMSLIB00000848536,1,O1,759.199,743.203,15.995999999999981,[M+H]1+,qtof
CCMSLIB00000847498,CCMSLIB00000848539,1,C1H2,363.107,349.092,14.015000000000043,[M+H]1+,qtof
CCMSLIB00000845996,CCMSLIB00000848546,1,C5H6O1,359.149,277.107,82.04199999999997,[M+H]1+,qtof
CCMSLIB00000846851,CCMSLIB00000848546,1,C5H8O2,377.159,277.107,100.05199999999996,[M+H]1+,qtof
CCMSLIB00000848564,CCMSLIB00000848546,1,C5H8O2,377.159,277.107,100.05199999999996,[M+H]1+,qtof
CCMSLIB00005721130,CCMSLIB00000848546,1,C5H8O2,377.161,277.107,100.05399999999997,[M+H]1+,qtof
CCMSLIB00000848234,CCMSLIB00000848554,1,O1,579.171,563.176,15.995000000000005,[M+H]1+,qtof
CCMSLIB00000845378,CCMSLIB00000848557,1,O1,595.165,579.171,15.993999999999915,[M+H]1+,qtof
CCMSLIB00000847333,CCMSLIB00000848557,1,O1,595.165,579.171,15.993999999999915,[M+H]1+,qtof
CCMSLIB00005721178,CCMSLIB00000848557,1,O1,595.167,579.171,15.995999999999981,[M+H]1+,qtof
CCMSLIB00000848308,CCMSLIB00000848562,1,C5H8O1,369.169,285.112,84.05699999999996,[M+H]1+,qtof
CCMSLIB00000848735,CCMSLIB00000848562,1,C5H10O2,387.18,285.112,102.06799999999998,[M+H]1+,qtof
CCMSLIB00000848977,CCMSLIB00000848562,1,C5H8,353.174,285.112,68.06199999999995,[M+H]1+,qtof
CCMSLIB00000845158,CCMSLIB00000848573,1,O1,595.165,579.171,15.993999999999915,[M+H]1+,qtof
CCMSLIB00000848252,CCMSLIB00000848573,1,C1H2O1,609.181,579.171,30.00999999999999,[M+H]1+,qtof
CCMSLIB00000848461,CCMSLIB00000848573,1,O1,595.165,579.171,15.993999999999915,[M+H]1+,qtof
CCMSLIB00000855216,CCMSLIB00000848576,1,O1,281.138,265.143,15.995000000000005,[M+H]1+,qtof
CCMSLIB00000850036,CCMSLIB00000848585,1,O1,405.139,389.144,15.995000000000005,[M+H]1+,qtof
CCMSLIB00000852883,CCMSLIB00000848585,1,O1,405.139,389.144,15.995000000000005,[M+H]1+,qtof
CCMSLIB00000846563,CCMSLIB00000848596,1,C2H2O1,795.437,753.426,42.01099999999997,[M+H]1+,qtof
CCMSLIB00000845138,CCMSLIB00000848601,1,O1,449.108,433.113,15.995000000000005,[M+H]1+,qtof
CCMSLIB00000845378,CCMSLIB00000848601,1,C6H10O5,595.165,433.113,162.05199999999996,[M+H]1+,qtof
CCMSLIB00000847333,CCMSLIB00000848601,1,C6H10O5,595.165,433.113,162.05199999999996,[M+H]1+,qtof
CCMSLIB00000847467,CCMSLIB00000848601,1,C5H8O4,565.155,433.113,132.04199999999997,[M+H]1+,qtof
CCMSLIB00000847491,CCMSLIB00000848601,1,C5H8O4,565.155,433.113,132.04199999999997,[M+H]1+,qtof
CCMSLIB00000848234,CCMSLIB00000848601,1,C6H10O4,579.171,433.113,146.05800000000005,[M+H]1+,qtof
CCMSLIB00000848557,CCMSLIB00000848601,1,C6H10O4,579.171,433.113,146.05800000000005,[M+H]1+,qtof
CCMSLIB00005721178,CCMSLIB00000848601,1,C6H10O5,595.167,433.113,162.05400000000003,[M+H]1+,qtof
CCMSLIB00000847437,CCMSLIB00000848606,1,O1,315.086,299.091,15.995000000000005,[M+H]1+,qtof
CCMSLIB00000847684,CCMSLIB00000848621,1,C2H2O1,799.229,757.218,42.01100000000008,[M+H]1+,qtof
CCMSLIB00000848349,CCMSLIB00000848621,1,C9H6O2,903.255,757.218,146.03700000000003,[M+H]1+,qtof
CCMSLIB00000848631,CCMSLIB00000848630,1,C2H2O1,1141.51,1099.5,42.00999999999999,[M+H]1+,qtof
CCMSLIB00000846161,CCMSLIB00000848634,1,C9H6O3,517.134,355.102,162.03200000000004,[M+H]1+,qtof
CCMSLIB00000847509,CCMSLIB00000848634,1,C9H6O3,517.134,355.102,162.03200000000004,[M+H]1+,qtof
CCMSLIB00000847734,CCMSLIB00000848634,1,C1H2,369.118,355.102,14.01600000000002,[M+H]1+,qtof
CCMSLIB00000847783,CCMSLIB00000848634,1,C9H6O3,517.134,355.102,162.03200000000004,[M+H]1+,qtof
CCMSLIB00000848797,CCMSLIB00000848634,1,C10H8O3,531.149,355.102,176.04700000000003,[M+H]1+,qtof
CCMSLIB00000849003,CCMSLIB00000848634,1,C9H6O3,517.134,355.102,162.03200000000004,[M+H]1+,qtof
CCMSLIB00000853669,CCMSLIB00000848634,1,C1H2,369.118,355.102,14.01600000000002,[M+H]1+,qtof
CCMSLIB00005721779,CCMSLIB00000848634,1,C9H6O3,517.136,355.102,162.034,[M+H]1+,qtof
CCMSLIB00000847032,CCMSLIB00000848637,1,O1,463.087,447.092,15.995000000000005,[M+H]1+,qtof
CCMSLIB00000847898,CCMSLIB00000848637,1,C1H2O1,477.102,447.092,30.00999999999999,[M+H]1+,qtof
CCMSLIB00000848529,CCMSLIB00000848640,1,O1,497.311,481.316,15.995000000000005,[M+H]1+,qtof
CCMSLIB00000848845,CCMSLIB00000848640,1,C1H2,495.331,481.316,14.015000000000043,[M+H]1+,qtof
CCMSLIB00000846143,CCMSLIB00000848648,1,O1,393.133,377.138,15.995000000000005,[M+H]1+,qtof
CCMSLIB00000845063,CCMSLIB00000848653,1,O1,319.045,303.05,15.995000000000005,[M+H]1+,qtof
CCMSLIB00000846075,CCMSLIB00000848653,1,C1H2,317.065,303.05,14.014999999999986,[M+H]1+,qtof
CCMSLIB00000847004,CCMSLIB00000848653,1,C5H8O4,435.092,303.05,132.04199999999997,[M+H]1+,qtof
CCMSLIB00000847904,CCMSLIB00000848653,1,C5H8O4,435.092,303.05,132.04199999999997,[M+H]1+,qtof
CCMSLIB00000848751,CCMSLIB00000848653,1,C6H10O4,449.108,303.05,146.058,[M+H]1+,qtof
CCMSLIB00000849090,CCMSLIB00000848653,1,C1H2,317.065,303.05,14.014999999999986,[M+H]1+,qtof
CCMSLIB00000847624,CCMSLIB00000848654,1,H-1Cl1,387.157,353.196,33.960999999999956,[M+H]1+,qtof
CCMSLIB00000845056,CCMSLIB00000848655,1,O1,449.108,433.113,15.995000000000005,[M+H]1+,qtof
CCMSLIB00000845060,CCMSLIB00000848655,1,C6H10O5,595.165,433.113,162.05199999999996,[M+H]1+,qtof
CCMSLIB00000845425,CCMSLIB00000848655,1,C6H10O5,595.165,433.113,162.05199999999996,[M+H]1+,qtof
CCMSLIB00000846155,CCMSLIB00000848655,1,C6H10O5,595.165,433.113,162.05199999999996,[M+H]1+,qtof
CCMSLIB00000847842,CCMSLIB00000848655,1,O1,449.108,433.113,15.995000000000005,[M+H]1+,qtof
CCMSLIB00000848318,CCMSLIB00000848655,1,C7H4O5,601.119,433.113,168.00600000000003,[M+H]1+,qtof
CCMSLIB00000848751,CCMSLIB00000848655,1,O1,449.108,433.113,15.995000000000005,[M+H]1+,qtof
CCMSLIB00000848930,CCMSLIB00000848655,1,C5H8O5,581.15,433.113,148.03699999999998,[M+H]1+,qtof
CCMSLIB00000849017,CCMSLIB00000848655,1,C6H10O4,579.171,433.113,146.05800000000005,[M+H]1+,qtof
CCMSLIB00000849018,CCMSLIB00000848655,1,C9H6O3,595.144,433.113,162.031,[M+H]1+,qtof
CCMSLIB00005721451,CCMSLIB00000848655,1,C7H4O5,601.119,433.113,168.00600000000003,[M+H]1+,qtof
CCMSLIB00000847186,CCMSLIB00000848668,1,C6H10O5,919.271,757.218,162.053,[M+H]1+,qtof
CCMSLIB00005721656,CCMSLIB00000848668,1,C6H10O5,919.27,757.218,162.05200000000002,[M+H]1+,qtof
CCMSLIB00000846563,CCMSLIB00000848686,1,C1H2,795.437,781.421,14.015999999999963,[M+H]1+,qtof
CCMSLIB00000848353,CCMSLIB00000848693,1,C6H10O4,451.123,305.065,146.058,[M+H]1+,qtof
CCMSLIB00000848383,CCMSLIB00000848693,1,C1H2,319.081,305.065,14.01600000000002,[M+H]1+,qtof
CCMSLIB00000848804,CCMSLIB00000848693,1,C1H2,319.081,305.065,14.01600000000002,[M+H]1+,qtof
CCMSLIB00000847616,CCMSLIB00000848698,1,O1,559.123,543.128,15.995000000000005,[M+H]1+,qtof
CCMSLIB00000847925,CCMSLIB00000848698,1,O1,559.123,543.128,15.995000000000005,[M+H]1+,qtof
CCMSLIB00000847160,CCMSLIB00000848699,1,C1H2,609.181,595.165,14.016000000000076,[M+H]1+,qtof
CCMSLIB00000848367,CCMSLIB00000848728,1,C1H2O1,371.097,341.086,30.010999999999967,[M+H]1+,qtof
CCMSLIB00000845303,CCMSLIB00000848751,1,O1,465.102,449.108,15.993999999999971,[M+H]1+,qtof
CCMSLIB00000845637,CCMSLIB00000848751,1,C7H4O4,601.119,449.108,152.01100000000002,[M+H]1+,qtof
CCMSLIB00000846043,CCMSLIB00000848751,1,C3H2O4,551.103,449.108,101.99499999999995,[M+H]1+,qtof
CCMSLIB00000846735,CCMSLIB00000848751,1,C6H10O5,611.16,449.108,162.05199999999996,[M+H]1+,qtof
CCMSLIB00000847311,CCMSLIB00000848751,1,C7H4O4,601.119,449.108,152.01100000000002,[M+H]1+,qtof
CCMSLIB00000847752,CCMSLIB00000848751,1,O1,465.102,449.108,15.993999999999971,[M+H]1+,qtof
CCMSLIB00000847757,CCMSLIB00000848751,1,C6H10O5,611.16,449.108,162.05199999999996,[M+H]1+,qtof
CCMSLIB00000847858,CCMSLIB00000848751,1,C2H2O2,507.113,449.108,58.004999999999995,[M+H]1+,qtof
CCMSLIB00000848249,CCMSLIB00000848751,1,O1,465.102,449.108,15.993999999999971,[M+H]1+,qtof
CCMSLIB00000848278,CCMSLIB00000848751,1,C6H10O4,595.165,449.108,146.05699999999996,[M+H]1+,qtof
CCMSLIB00000848355,CCMSLIB00000848751,1,C6H10O5,611.16,449.108,162.05199999999996,[M+H]1+,qtof
CCMSLIB00000848846,CCMSLIB00000848751,1,C6H10O5,611.16,449.108,162.05199999999996,[M+H]1+,qtof
CCMSLIB00005721176,CCMSLIB00000848751,1,C3H2O4,551.102,449.108,101.99399999999997,[M+H]1+,qtof
CCMSLIB00005721467,CCMSLIB00000848751,1,O1,465.103,449.108,15.995000000000005,[M+H]1+,qtof
CCMSLIB00000845216,CCMSLIB00000848760,1,C2H2O2,381.154,323.149,58.004999999999995,[M+H]1+,qtof
CCMSLIB00000845219,CCMSLIB00000848763,1,C1H2,401.108,387.092,14.01600000000002,[M+H]1+,qtof
CCMSLIB00000848194,CCMSLIB00000848771,1,O1,421.164,405.169,15.995000000000005,[M+H]1+,qtof
CCMSLIB00000848635,CCMSLIB00000848771,1,O1,421.164,405.169,15.995000000000005,[M+H]1+,qtof
CCMSLIB00000846403,CCMSLIB00000848777,1,C1H2O1,595.165,565.155,30.00999999999999,[M+H]1+,qtof
CCMSLIB00000846809,CCMSLIB00000848777,1,C7H12O5,741.223,565.155,176.06799999999998,[M+H]1+,qtof
CCMSLIB00000849017,CCMSLIB00000848777,1,C1H2,579.171,565.155,14.016000000000076,[M+H]1+,qtof
CCMSLIB00000846912,CCMSLIB00000848791,1,O1,333.169,317.174,15.995000000000005,[M+H]1+,qtof
CCMSLIB00000845132,CCMSLIB00000848794,1,O1,407.185,391.19,15.995000000000005,[M+H]1+,qtof
CCMSLIB00000848722,CCMSLIB00000848798,1,C1H2O1,293.081,263.07,30.011000000000024,[M+H]1+,qtof
CCMSLIB00000847789,CCMSLIB00000848799,1,O1,289.07,273.075,15.995000000000005,[M+H]1+,qtof
CCMSLIB00000849089,CCMSLIB00000848799,1,O1,289.07,273.075,15.995000000000005,[M+H]1+,qtof
CCMSLIB00000848785,CCMSLIB00000848804,1,O1,335.076,319.081,15.995000000000005,[M+H]1+,qtof
CCMSLIB00005721670,CCMSLIB00000848804,1,O1,335.078,319.081,15.996999999999957,[M+H]1+,qtof
CCMSLIB00000848867,CCMSLIB00000848822,1,C8H11N1O5,710.447,509.383,201.06400000000002,[M+H]1+,qtof
CCMSLIB00000846120,CCMSLIB00000848834,1,C5H8,391.19,323.128,68.06200000000001,[M+H]1+,qtof
CCMSLIB00000848794,CCMSLIB00000848834,1,C5H8,391.19,323.128,68.06200000000001,[M+H]1+,qtof
CCMSLIB00005721549,CCMSLIB00000848834,1,C5H8,391.19,323.128,68.06200000000001,[M+H]1+,qtof
CCMSLIB00000845788,CCMSLIB00000848837,1,C1H2,225.075,211.06,14.014999999999986,[M+H]1+,qtof
CCMSLIB00000846364,CCMSLIB00000848837,1,C1H2,225.075,211.06,14.014999999999986,[M+H]1+,qtof
CCMSLIB00000852184,CCMSLIB00000848837,1,C1H2O1,241.071,211.06,30.010999999999996,[M+H]1+,qtof
CCMSLIB00000852525,CCMSLIB00000848839,1,C2H2O1,395.162,353.151,42.01099999999997,[M+H]1+,qtof
CCMSLIB00000850036,CCMSLIB00000848843,1,C1H2,405.139,391.123,14.01600000000002,[M+H]1+,qtof
CCMSLIB00000852883,CCMSLIB00000848843,1,C1H2,405.139,391.123,14.01600000000002,[M+H]1+,qtof
CCMSLIB00000845447,CCMSLIB00000848845,1,O1,511.326,495.331,15.995000000000005,[M+H]1+,qtof
CCMSLIB00005721293,CCMSLIB00000848845,1,O1,511.328,495.331,15.996999999999957,[M+H]1+,qtof
CCMSLIB00000845253,CCMSLIB00000848846,1,C9H6O2,757.197,611.16,146.03700000000003,[M+H]1+,qtof
CCMSLIB00000845616,CCMSLIB00000848846,1,C6H10O4,757.218,611.16,146.058,[M+H]1+,qtof
CCMSLIB00000845960,CCMSLIB00000848846,1,C5H8O4,743.203,611.16,132.043,[M+H]1+,qtof
CCMSLIB00000847120,CCMSLIB00000848846,1,C6H10O4,757.218,611.16,146.058,[M+H]1+,qtof
CCMSLIB00000847164,CCMSLIB00000848846,1,C1H2,625.176,611.16,14.016000000000076,[M+H]1+,qtof
CCMSLIB00000847608,CCMSLIB00000848846,1,C1H2,625.176,611.16,14.016000000000076,[M+H]1+,qtof
CCMSLIB00000848668,CCMSLIB00000848846,1,C6H10O4,757.218,611.16,146.058,[M+H]1+,qtof
CCMSLIB00005721696,CCMSLIB00000848846,1,C5H8O4,743.207,611.16,132.04700000000003,[M+H]1+,qtof
CCMSLIB00000846882,CCMSLIB00000848857,1,C6H10O5,641.171,479.118,162.05300000000005,[M+H]1+,qtof
CCMSLIB00000848290,CCMSLIB00000848857,1,C5H8O4,611.16,479.118,132.04199999999997,[M+H]1+,qtof
CCMSLIB00000845158,CCMSLIB00000848861,1,C6H10O4,595.165,449.108,146.05699999999996,[M+H]1+,qtof
CCMSLIB00000845835,CCMSLIB00000848861,1,C5H8O4,581.15,449.108,132.04199999999997,[M+H]1+,qtof
CCMSLIB00000846735,CCMSLIB00000848861,1,C6H10O5,611.16,449.108,162.05199999999996,[M+H]1+,qtof
CCMSLIB00000847032,CCMSLIB00000848861,1,H-2O1,463.087,449.108,13.978999999999985,[M+H]1+,qtof
CCMSLIB00000848699,CCMSLIB00000848861,1,C6H10O4,595.165,449.108,146.05699999999996,[M+H]1+,qtof
CCMSLIB00000845378,CCMSLIB00000848866,1,C1H2O1,595.165,565.155,30.00999999999999,[M+H]1+,qtof
CCMSLIB00000847333,CCMSLIB00000848866,1,C1H2O1,595.165,565.155,30.00999999999999,[M+H]1+,qtof
CCMSLIB00005721178,CCMSLIB00000848866,1,C1H2O1,595.167,565.155,30.012000000000057,[M+H]1+,qtof
CCMSLIB00000847893,CCMSLIB00000848874,1,O1,433.222,417.227,15.995000000000005,[M+H]1+,qtof
CCMSLIB00000848354,CCMSLIB00000848877,1,O1,557.108,541.113,15.99499999999989,[M+H]1+,qtof
CCMSLIB00000846029,CCMSLIB00000848884,1,C6H10O4,625.212,479.155,146.05700000000002,[M+H]1+,qtof
CCMSLIB00000845281,CCMSLIB00000848888,1,C6H10O4,917.292,771.234,146.058,[M+H]1+,qtof
CCMSLIB00000847954,CCMSLIB00000848888,1,C1H2O1,801.245,771.234,30.010999999999967,[M+H]1+,qtof
CCMSLIB00000846386,CCMSLIB00000848898,1,H-2O1,461.108,447.128,13.980000000000018,[M+H]1+,qtof
CCMSLIB00000847379,CCMSLIB00000848899,1,O1,269.081,253.086,15.995000000000005,[M+H]1+,qtof
CCMSLIB00000847365,CCMSLIB00000848900,1,C2H2O2,379.248,321.242,58.00599999999997,[M+H]1+,qtof
CCMSLIB00000849025,CCMSLIB00000848903,1,C1H2,479.118,465.102,14.01600000000002,[M+H]1+,qtof
CCMSLIB00005721272,CCMSLIB00000848903,1,C1H2,479.12,465.102,14.018000000000029,[M+H]1+,qtof
CCMSLIB00000846805,CCMSLIB00000848904,1,O1,495.113,479.118,15.995000000000005,[M+H]1+,qtof
CCMSLIB00000847006,CCMSLIB00000848904,1,C2H2O1,521.129,479.118,42.011000000000024,[M+H]1+,qtof
CCMSLIB00000854329,CCMSLIB00000848918,1,C1H2O1,359.185,329.174,30.011000000000024,[M+H]1+,qtof
CCMSLIB00000847155,CCMSLIB00000848928,1,O1,435.128,419.133,15.995000000000005,[M+H]1+,qtof
CCMSLIB00000845329,CCMSLIB00000848929,1,C6H10O5,627.155,465.102,162.053,[M+H]1+,qtof
CCMSLIB00000845060,CCMSLIB00000848930,1,C1H2,595.165,581.15,14.014999999999986,[M+H]1+,qtof
CCMSLIB00000846155,CCMSLIB00000848930,1,C1H2,595.165,581.15,14.014999999999986,[M+H]1+,qtof
CCMSLIB00000848080,CCMSLIB00000848931,1,C1H2,347.112,333.097,14.015000000000043,[M+H]1+,qtof
CCMSLIB00000855874,CCMSLIB00000848934,1,O1,361.128,345.133,15.995000000000005,[M+H]1+,qtof
CCMSLIB00000847513,CCMSLIB00000848943,1,O1,755.639,739.644,15.995000000000005,[M+H]1+,qtof
CCMSLIB00000848205,CCMSLIB00000848946,1,C2H2O1,425.232,383.221,42.011000000000024,[M+H]1+,qtof
CCMSLIB00000846086,CCMSLIB00000848950,1,C5H8O4,581.15,449.108,132.04199999999997,[M+H]1+,qtof
CCMSLIB00000847780,CCMSLIB00000848956,1,C1H2,435.18,421.164,14.01600000000002,[M+H]1+,qtof
CCMSLIB00000846517,CCMSLIB00000848958,1,C6H10O5,637.176,475.123,162.05300000000005,[M+H]1+,qtof
CCMSLIB00000847631,CCMSLIB00000848959,1,O1,584.249,568.254,15.995000000000005,[M+H]1+,qtof
CCMSLIB00000845944,CCMSLIB00000848962,1,C1H2,237.075,223.06,14.014999999999986,[M+H]1+,qtof
CCMSLIB00000846888,CCMSLIB00000848964,1,C1H2,265.107,251.091,14.01600000000002,[M+H]1+,qtof
CCMSLIB00000847387,CCMSLIB00000848964,1,C2H4O1,295.117,251.091,44.02600000000001,[M+H]1+,qtof
CCMSLIB00000847976,CCMSLIB00000848965,1,C1H2,353.102,339.086,14.015999999999963,[M+H]1+,qtof
CCMSLIB00000848959,CCMSLIB00000848970,1,C2H2O2,568.254,510.248,58.00600000000003,[M+H]1+,qtof
CCMSLIB00000846839,CCMSLIB00000848996,1,O1,601.355,585.36,15.995000000000005,[M+H]1+,qtof
CCMSLIB00000845388,CCMSLIB00000849011,1,O1,301.07,285.075,15.995000000000005,[M+H]1+,qtof
CCMSLIB00000846075,CCMSLIB00000849013,1,O1,317.065,301.07,15.995000000000005,[M+H]1+,qtof
CCMSLIB00000849064,CCMSLIB00000849013,1,C5H8O5,449.108,301.07,148.038,[M+H]1+,qtof
CCMSLIB00000847438,CCMSLIB00000849014,1,C1H2O1,347.076,317.065,30.011000000000024,[M+H]1+,qtof
CCMSLIB00000847486,CCMSLIB00000849014,1,C1H2,331.081,317.065,14.01600000000002,[M+H]1+,qtof
CCMSLIB00000848157,CCMSLIB00000849014,1,C1H2O1,347.076,317.065,30.011000000000024,[M+H]1+,qtof
CCMSLIB00000846805,CCMSLIB00000849015,1,C1H2,495.113,481.097,14.01600000000002,[M+H]1+,qtof
CCMSLIB00000847826,CCMSLIB00000849015,1,C7H4O4,633.108,481.097,152.01099999999997,[M+H]1+,qtof
CCMSLIB00000846403,CCMSLIB00000849017,1,O1,595.165,579.171,15.993999999999915,[M+H]1+,qtof
CCMSLIB00000846809,CCMSLIB00000849017,1,C6H10O5,741.223,579.171,162.0519999999999,[M+H]1+,qtof
CCMSLIB00000848278,CCMSLIB00000849017,1,O1,595.165,579.171,15.993999999999915,[M+H]1+,qtof
CCMSLIB00000847763,CCMSLIB00000849019,1,C5H8,367.226,299.164,68.06200000000001,[M+H]1+,qtof
CCMSLIB00000845361,CCMSLIB00000849032,1,C1H2,285.075,271.06,14.014999999999986,[M+H]1+,qtof
CCMSLIB00000845214,CCMSLIB00000849040,1,O1,451.123,435.128,15.995000000000005,[M+H]1+,qtof
CCMSLIB00000845634,CCMSLIB00000849040,1,C6H10O4,581.186,435.128,146.05800000000005,[M+H]1+,qtof
CCMSLIB00000846405,CCMSLIB00000849040,1,C6H10O5,597.181,435.128,162.05300000000005,[M+H]1+,qtof
CCMSLIB00000847961,CCMSLIB00000849040,1,O1,451.123,435.128,15.995000000000005,[M+H]1+,qtof
CCMSLIB00005721111,CCMSLIB00000849040,1,O1,451.126,435.128,15.99799999999999,[M+H]1+,qtof
CCMSLIB00005721281,CCMSLIB00000849040,1,C6H10O5,597.183,435.128,162.055,[M+H]1+,qtof
CCMSLIB00000847457,CCMSLIB00000849053,1,C2H4,333.242,305.211,28.031000000000006,[M+H]1+,qtof
CCMSLIB00000849025,CCMSLIB00000849064,1,C1H2O1,479.118,449.108,30.00999999999999,[M+H]1+,qtof
CCMSLIB00005721272,CCMSLIB00000849064,1,C1H2O1,479.12,449.108,30.012,[M+H]1+,qtof
CCMSLIB00000848913,CCMSLIB00000849071,1,C1H2O1,693.033,663.023,30.00999999999999,[M+H]1+,qtof
CCMSLIB00000848300,CCMSLIB00000849074,1,O1,255.065,239.07,15.995000000000005,[M+H]1+,qtof
CCMSLIB00000847934,CCMSLIB00000849080,1,C2H2O1,764.406,722.395,42.01099999999997,[M+H]1+,qtof
CCMSLIB00000851185,CCMSLIB00000849084,1,O1,338.196,322.201,15.995000000000005,[M+H]1+,qtof
CCMSLIB00000846262,CCMSLIB00000849086,1,O1,423.18,407.185,15.995000000000005,[M+H]1+,qtof
CCMSLIB00000849088,CCMSLIB00000849087,1,O1,1147.52,1131.52,16.0,[M+H]1+,qtof
CCMSLIB00000845947,CCMSLIB00000849089,1,C1H2,303.086,289.07,14.01600000000002,[M+H]1+,qtof
CCMSLIB00000846890,CCMSLIB00000849089,1,C1H2,303.086,289.07,14.01600000000002,[M+H]1+,qtof
CCMSLIB00000847880,CCMSLIB00000849089,1,C10H16,425.196,289.07,136.12600000000003,[M+H]1+,qtof
CCMSLIB00000848380,CCMSLIB00000849089,1,C1H2,303.086,289.07,14.01600000000002,[M+H]1+,qtof
CCMSLIB00000848693,CCMSLIB00000849089,1,O1,305.065,289.07,15.995000000000005,[M+H]1+,qtof
CCMSLIB00000846131,CCMSLIB00000849195,1,O1,249.112,233.117,15.995000000000005,[M+H]1+,qtof
CCMSLIB00000854665,CCMSLIB00000849195,1,O1,249.112,233.117,15.995000000000005,[M+H]1+,qtof
CCMSLIB00000849670,CCMSLIB00000849219,1,O1,441.176,425.181,15.995000000000005,[M+H]1+,qtof
CCMSLIB00000851939,CCMSLIB00000849354,1,C6H10O5,535.29,373.237,162.05299999999994,[M+H]1+,qtof
CCMSLIB00000852196,CCMSLIB00000849358,1,C7H12O3,519.332,375.253,144.079,[M+H]1+,qtof
CCMSLIB00000852853,CCMSLIB00000849358,1,C7H12O4,535.327,375.253,160.074,[M+H]1+,qtof
CCMSLIB00000853372,CCMSLIB00000849358,1,C6H10O5,537.306,375.253,162.05300000000005,[M+H]1+,qtof
CCMSLIB00000853643,CCMSLIB00000849358,1,C6H10O4,521.311,375.253,146.05800000000005,[M+H]1+,qtof
CCMSLIB00000847915,CCMSLIB00000849375,1,C10H6O5,657.156,451.135,206.02099999999996,[M+H]1+,qtof
CCMSLIB00000853333,CCMSLIB00000849375,1,C1H2,465.15,451.135,14.014999999999986,[M+H]1+,qtof
CCMSLIB00000849391,CCMSLIB00000849384,1,C2H2O1,439.152,397.141,42.01099999999997,[M+H]1+,qtof
CCMSLIB00000852541,CCMSLIB00000849466,1,C5H8O4,505.264,373.222,132.04200000000003,[M+H]1+,qtof
CCMSLIB00000853726,CCMSLIB00000849466,1,O1,389.217,373.222,15.995000000000005,[M+H]1+,qtof
CCMSLIB00000855628,CCMSLIB00000849466,1,C7H4O4,525.233,373.222,152.01099999999997,[M+H]1+,qtof
CCMSLIB00000850444,CCMSLIB00000849523,1,C1H2,589.264,575.249,14.014999999999986,[M+H]1+,qtof
CCMSLIB00000851419,CCMSLIB00000849619,1,C1H2,358.113,344.098,14.014999999999986,[M+H]1+,qtof
CCMSLIB00000855814,CCMSLIB00000849624,1,C10H16O8,940.526,676.442,264.08399999999995,[M+H]1+,qtof
CCMSLIB00000855841,CCMSLIB00000849624,1,C11H18O8,954.542,676.442,278.1,[M+H]1+,qtof
CCMSLIB00000850714,CCMSLIB00000849636,1,C2H2O1,575.285,533.275,42.00999999999999,[M+H]1+,qtof
CCMSLIB00000849975,CCMSLIB00000849705,1,C6H10O5,1119.56,957.505,162.05499999999995,[M+H]1+,qtof
CCMSLIB00000849372,CCMSLIB00000849712,1,O1,487.342,471.347,15.995000000000005,[M+H]1+,qtof
CCMSLIB00000854042,CCMSLIB00000849730,1,C6H10O2,821.468,707.4,114.06799999999998,[M+H]1+,qtof
CCMSLIB00000851335,CCMSLIB00000849826,1,C11H16O7,783.292,523.202,260.09000000000003,[M+H]1+,qtof
CCMSLIB00000855045,CCMSLIB00000849912,1,C1H2O1,301.107,271.096,30.011000000000024,[M+H]1+,qtof
CCMSLIB00000853368,CCMSLIB00000849918,1,O1,543.171,527.176,15.995000000000005,[M+H]1+,qtof
CCMSLIB00000853750,CCMSLIB00000849918,1,C1H2,541.192,527.176,14.015999999999963,[M+H]1+,qtof
CCMSLIB00000848164,CCMSLIB00000849955,1,O1,355.102,339.107,15.994999999999948,[M+H]1+,qtof
CCMSLIB00000848634,CCMSLIB00000849955,1,O1,355.102,339.107,15.994999999999948,[M+H]1+,qtof
CCMSLIB00000853669,CCMSLIB00000849955,1,C1H2O1,369.118,339.107,30.010999999999967,[M+H]1+,qtof
CCMSLIB00000853006,CCMSLIB00000850011,1,C1H2O1,943.526,913.516,30.00999999999999,[M+H]1+,qtof
CCMSLIB00000855408,CCMSLIB00000850011,1,C1O2,957.505,913.516,43.98900000000003,[M+H]1+,qtof
CCMSLIB00000849378,CCMSLIB00000850015,1,C12H20O9,1265.62,957.505,308.1149999999999,[M+H]1+,qtof
CCMSLIB00000849975,CCMSLIB00000850015,1,C6H10O5,1119.56,957.505,162.05499999999995,[M+H]1+,qtof
CCMSLIB00000848602,CCMSLIB00000850072,1,O1,567.171,551.176,15.995000000000005,[M+H]1+,qtof
CCMSLIB00005721152,CCMSLIB00000850072,1,O1,567.17,551.176,15.993999999999915,[M+H]1+,qtof
CCMSLIB00000847351,CCMSLIB00000850108,1,C11H18O9,1079.6,785.505,294.0949999999999,[M+H]1+,qtof
CCMSLIB00000848754,CCMSLIB00000850108,1,C11H18O9,1079.6,785.505,294.0949999999999,[M+H]1+,qtof
CCMSLIB00000853811,CCMSLIB00000850108,1,C12H20O10,1109.61,785.505,324.1049999999999,[M+H]1+,qtof
CCMSLIB00000851855,CCMSLIB00000850129,1,C1H2,359.149,345.133,14.01600000000002,[M+H]1+,qtof
CCMSLIB00000855355,CCMSLIB00000850236,1,C3H2O3,533.129,447.129,86.0,[M+H]1+,qtof
CCMSLIB00000850263,CCMSLIB00000850257,1,C2H2O1,721.379,679.369,42.00999999999999,[M+H]1+,qtof
CCMSLIB00000847096,CCMSLIB00000850410,1,C5H8,393.206,325.143,68.06300000000005,[M+H]1+,qtof
CCMSLIB00000855151,CCMSLIB00000850413,1,C16H13N1O3,854.338,587.249,267.08899999999994,[M+H]1+,qtof
CCMSLIB00000846687,CCMSLIB00000850471,1,C6H4O3,411.128,287.113,124.01499999999999,[M+H]1+,qtof
CCMSLIB00000849589,CCMSLIB00000850471,1,C7H4O1,391.139,287.113,104.02600000000001,[M+H]1+,qtof
CCMSLIB00000851051,CCMSLIB00000850471,1,C2H2O1,329.123,287.113,42.00999999999999,[M+H]1+,qtof
CCMSLIB00000853970,CCMSLIB00000850471,1,C2H2O1,329.123,287.113,42.00999999999999,[M+H]1+,qtof
CCMSLIB00000851841,CCMSLIB00000850489,1,C1H2,531.295,517.28,14.014999999999986,[M+H]1+,qtof
CCMSLIB00000849445,CCMSLIB00000850495,1,O1,333.206,317.211,15.995000000000005,[M+H]1+,qtof
CCMSLIB00000853342,CCMSLIB00000850524,1,C6H10O5,831.292,669.239,162.053,[M+H]1+,qtof
CCMSLIB00000854149,CCMSLIB00000850612,1,O1,369.181,353.186,15.995000000000005,[M+H]1+,qtof
CCMSLIB00000852158,CCMSLIB00000850626,1,O1,425.217,409.222,15.995000000000005,[M+H]1+,qtof
CCMSLIB00000854456,CCMSLIB00000850626,1,C2H2O2,467.228,409.222,58.00600000000003,[M+H]1+,qtof
CCMSLIB00000846555,CCMSLIB00000850638,1,C7H4O1,601.191,497.165,104.02600000000001,[M+H]1+,qtof
CCMSLIB00000850683,CCMSLIB00000850695,1,O1,491.228,475.233,15.995000000000005,[M+H]1+,qtof
CCMSLIB00000853715,CCMSLIB00000850695,1,O1,491.228,475.233,15.995000000000005,[M+H]1+,qtof
CCMSLIB00000854242,CCMSLIB00000850695,1,C2H2O1,517.243,475.233,42.01000000000005,[M+H]1+,qtof
CCMSLIB00000855989,CCMSLIB00000850695,1,C2H2O2,533.238,475.233,58.00500000000005,[M+H]1+,qtof
CCMSLIB00000856005,CCMSLIB00000850695,1,O1,491.228,475.233,15.995000000000005,[M+H]1+,qtof
CCMSLIB00000850015,CCMSLIB00000850789,1,H-2O1,957.505,943.526,13.979000000000042,[M+H]1+,qtof
CCMSLIB00000851777,CCMSLIB00000850827,1,O1,494.265,478.27,15.995000000000005,[M+H]1+,qtof
CCMSLIB00000848627,CCMSLIB00000850836,1,C5H8,439.175,371.113,68.06200000000001,[M+H]1+,qtof
CCMSLIB00000850844,CCMSLIB00000850839,1,C2H2O1,558.27,516.259,42.01099999999997,[M+H]1+,qtof
CCMSLIB00000850953,CCMSLIB00000850844,1,C2H2O2,616.275,558.27,58.004999999999995,[M+H]1+,qtof
CCMSLIB00000855553,CCMSLIB00000850864,1,O1,319.227,303.232,15.994999999999948,[M+H]1+,qtof
CCMSLIB00000850444,CCMSLIB00000850893,1,O1,589.264,573.269,15.995000000000005,[M+H]1+,qtof
CCMSLIB00000853867,CCMSLIB00000850929,1,O1,487.233,471.238,15.995000000000005,[M+H]1+,qtof
CCMSLIB00000853898,CCMSLIB00000850982,1,C1H2,432.165,418.15,14.015000000000043,[M+H]1+,qtof
CCMSLIB00000855079,CCMSLIB00000850982,1,C1H2,432.165,418.15,14.015000000000043,[M+H]1+,qtof
CCMSLIB00000849523,CCMSLIB00000850987,1,C1H2,575.249,561.233,14.016000000000076,[M+H]1+,qtof
CCMSLIB00000851018,CCMSLIB00000851005,1,C1H2,347.222,333.206,14.015999999999963,[M+H]1+,qtof
CCMSLIB00000852234,CCMSLIB00000851008,1,C9H6O2,569.186,423.15,146.03600000000006,[M+H]1+,qtof
CCMSLIB00000854335,CCMSLIB00000851008,1,C9H6O3,585.181,423.15,162.03100000000006,[M+H]1+,qtof
CCMSLIB00000854899,CCMSLIB00000851023,1,O1,423.15,407.155,15.995000000000005,[M+H]1+,qtof
CCMSLIB00000851752,CCMSLIB00000851040,1,C6H10O5,1283.63,1121.57,162.06000000000017,[M+H]1+,qtof
CCMSLIB00000846529,CCMSLIB00000851059,1,C1H2,357.133,343.118,14.014999999999986,[M+H]1+,qtof
CCMSLIB00000848811,CCMSLIB00000851059,1,C1H2,357.133,343.118,14.014999999999986,[M+H]1+,qtof
CCMSLIB00005721445,CCMSLIB00000851059,1,C1H2,357.133,343.118,14.014999999999986,[M+H]1+,qtof
CCMSLIB00005721803,CCMSLIB00000851059,1,C1H2,357.134,343.118,14.01600000000002,[M+H]1+,qtof
CCMSLIB00000847500,CCMSLIB00000851071,1,O1,423.128,407.134,15.993999999999971,[M+H]1+,qtof
CCMSLIB00000850844,CCMSLIB00000851125,1,C2H2O1,558.27,516.259,42.01099999999997,[M+H]1+,qtof
CCMSLIB00000855777,CCMSLIB00000851195,1,H-2O1,276.123,262.144,13.978999999999985,[M+H]1+,qtof
CCMSLIB00000853874,CCMSLIB00000851210,1,C5H6O3,403.284,289.253,114.031,[M+H]1+,qtof
CCMSLIB00000855484,CCMSLIB00000851230,1,H-2O1,265.143,251.164,13.978999999999985,[M+H]1+,qtof
CCMSLIB00000847758,CCMSLIB00000851254,1,O1,269.174,253.18,15.993999999999971,[M+H]1+,qtof
CCMSLIB00000851627,CCMSLIB00000851258,1,C1H2,434.29,420.274,14.01600000000002,[M+H]1+,qtof
CCMSLIB00000848998,CCMSLIB00000851309,1,C2H2O1,341.196,299.185,42.011000000000024,[M+H]1+,qtof
CCMSLIB00005721791,CCMSLIB00000851309,1,C2H2O1,341.195,299.185,42.00999999999999,[M+H]1+,qtof
CCMSLIB00000845877,CCMSLIB00000851335,1,C5H6O2,881.328,783.292,98.03599999999994,[M+H]1+,qtof
CCMSLIB00000850764,CCMSLIB00000851383,1,C1H2O1,553.192,523.181,30.010999999999967,[M+H]1+,qtof
CCMSLIB00000847536,CCMSLIB00000851395,1,C7H10O5,581.186,407.134,174.05200000000002,[M+H]1+,qtof
CCMSLIB00005721285,CCMSLIB00000851395,1,C7H10O5,581.186,407.134,174.05200000000002,[M+H]1+,qtof
CCMSLIB00000853762,CCMSLIB00000851521,1,O1,267.159,251.164,15.995000000000005,[M+H]1+,qtof
CCMSLIB00000854415,CCMSLIB00000851525,1,C1H2O1,797.468,767.458,30.00999999999999,[M+H]1+,qtof
CCMSLIB00000853936,CCMSLIB00000851545,1,C3H2O3,567.28,481.28,86.0,[M+H]1+,qtof
CCMSLIB00000851534,CCMSLIB00000851547,1,O1,403.196,387.201,15.995000000000005,[M+H]1+,qtof
CCMSLIB00000849763,CCMSLIB00000851552,1,C1H2O1,391.212,361.201,30.010999999999967,[M+H]1+,qtof
CCMSLIB00000848627,CCMSLIB00000851566,1,C1H2,439.175,425.159,14.01600000000002,[M+H]1+,qtof
CCMSLIB00000850844,CCMSLIB00000851619,1,C2H2O1,558.27,516.259,42.01099999999997,[M+H]1+,qtof
CCMSLIB00000847928,CCMSLIB00000851640,1,H-2O1,237.075,223.096,13.978999999999985,[M+H]1+,qtof
CCMSLIB00005721835,CCMSLIB00000851640,1,H-2O1,237.075,223.096,13.978999999999985,[M+H]1+,qtof
CCMSLIB00000847665,CCMSLIB00000851650,1,C1,371.149,359.149,12.0,[M+H]1+,qtof
CCMSLIB00000856084,CCMSLIB00000851676,1,H-2O1,485.326,471.347,13.979000000000042,[M+H]1+,qtof
CCMSLIB00000853420,CCMSLIB00000851701,1,C1H2O1,286.107,256.097,30.010000000000048,[M+H]1+,qtof
CCMSLIB00000856162,CCMSLIB00000851708,1,H-2O1,337.237,323.258,13.979000000000042,[M+H]1+,qtof
CCMSLIB00000856116,CCMSLIB00000851750,1,C1H2O1,325.191,295.18,30.010999999999967,[M+H]1+,qtof
CCMSLIB00000848681,CCMSLIB00000851759,1,C1H1N1O1,519.189,476.183,43.00599999999997,[M+H]1+,qtof
CCMSLIB00000850596,CCMSLIB00000851759,1,C1O2,520.173,476.183,43.99000000000001,[M+H]1+,qtof
CCMSLIB00000850513,CCMSLIB00000851772,1,C2H2O1,444.238,402.228,42.00999999999999,[M+H]1+,qtof
CCMSLIB00000850959,CCMSLIB00000851772,1,C2H2O1,444.238,402.228,42.00999999999999,[M+H]1+,qtof
CCMSLIB00000851577,CCMSLIB00000851772,1,C4H6O2,488.264,402.228,86.036,[M+H]1+,qtof
CCMSLIB00000854459,CCMSLIB00000851772,1,C5H8O2,502.28,402.228,100.05199999999996,[M+H]1+,qtof
CCMSLIB00000854939,CCMSLIB00000851772,1,C2H2O1,444.238,402.228,42.00999999999999,[M+H]1+,qtof
CCMSLIB00000848817,CCMSLIB00000851803,1,C1H2O1,296.091,266.081,30.00999999999999,[M+H]1+,qtof
CCMSLIB00000852758,CCMSLIB00000851819,1,C5H8,441.229,373.166,68.06299999999999,[M+H]1+,qtof
CCMSLIB00000856076,CCMSLIB00000851859,1,C1H2,765.478,751.463,14.014999999999986,[M+H]1+,qtof
CCMSLIB00000854245,CCMSLIB00000851867,1,O1,957.505,941.51,15.995000000000005,[M+H]1+,qtof
CCMSLIB00000849642,CCMSLIB00000851901,1,C4H4O1S1,335.168,235.169,99.999,[M+H]1+,qtof
CCMSLIB00000854987,CCMSLIB00000851901,1,C5H6O2,333.206,235.169,98.037,[M+H]1+,qtof
CCMSLIB00000855455,CCMSLIB00000851907,1,C2H2O1,321.17,279.159,42.011000000000024,[M+H]1+,qtof
CCMSLIB00000848575,CCMSLIB00000851993,1,C1O2,247.107,203.118,43.989000000000004,[M+H]1+,qtof
CCMSLIB00000845662,CCMSLIB00000852052,1,C5H6O3,411.201,297.17,114.031,[M+H]1+,qtof
CCMSLIB00000852312,CCMSLIB00000852052,1,H-4O1,309.133,297.17,11.962999999999965,[M+H]1+,qtof
CCMSLIB00000854423,CCMSLIB00000852106,1,H-2O1,317.211,303.232,13.978999999999985,[M+H]1+,qtof
CCMSLIB00000854456,CCMSLIB00000852158,1,C2H2O1,467.228,425.217,42.011000000000024,[M+H]1+,qtof
CCMSLIB00000849439,CCMSLIB00000852196,1,C2H2O2,577.337,519.332,58.004999999999995,[M+H]1+,qtof
CCMSLIB00000852853,CCMSLIB00000852196,1,O1,535.327,519.332,15.995000000000005,[M+H]1+,qtof
CCMSLIB00000855266,CCMSLIB00000852228,1,O1,307.154,291.159,15.995000000000005,[M+H]1+,qtof
CCMSLIB00000854335,CCMSLIB00000852234,1,O1,585.181,569.186,15.995000000000005,[M+H]1+,qtof
CCMSLIB00000853044,CCMSLIB00000852242,1,C5H8O4,491.176,359.134,132.04199999999997,[M+H]1+,qtof
CCMSLIB00000855837,CCMSLIB00000852242,1,O1,375.129,359.134,15.995000000000005,[M+H]1+,qtof
CCMSLIB00000850036,CCMSLIB00000852252,1,H-2O1,405.139,391.16,13.978999999999985,[M+H]1+,qtof
CCMSLIB00000852867,CCMSLIB00000852252,1,C7H4O4,543.171,391.16,152.01100000000002,[M+H]1+,qtof
CCMSLIB00000852883,CCMSLIB00000852252,1,H-2O1,405.139,391.16,13.978999999999985,[M+H]1+,qtof
CCMSLIB00000850819,CCMSLIB00000852258,1,O1,333.206,317.211,15.995000000000005,[M+H]1+,qtof
CCMSLIB00000848212,CCMSLIB00000852261,1,C10H8O3,545.165,369.118,176.04699999999997,[M+H]1+,qtof
CCMSLIB00000848363,CCMSLIB00000852290,1,C1H2,465.177,451.161,14.01600000000002,[M+H]1+,qtof
CCMSLIB00000853434,CCMSLIB00000852290,1,C1H2,465.177,451.161,14.01600000000002,[M+H]1+,qtof
CCMSLIB00000850203,CCMSLIB00000852312,1,C4H4O2,393.154,309.133,84.02100000000002,[M+H]1+,qtof
CCMSLIB00000851113,CCMSLIB00000852318,1,O1,527.176,511.181,15.995000000000061,[M+H]1+,qtof
CCMSLIB00000846174,CCMSLIB00000852343,1,C4H8,751.332,695.27,56.06200000000001,[M+H]1+,qtof
CCMSLIB00000846922,CCMSLIB00000852343,1,C6H12,779.363,695.27,84.09300000000007,[M+H]1+,qtof
CCMSLIB00005721415,CCMSLIB00000852343,1,C6H12,779.364,695.27,84.09400000000005,[M+H]1+,qtof
CCMSLIB00000850141,CCMSLIB00000852480,1,O1,509.165,493.17,15.995000000000005,[M+H]1+,qtof
CCMSLIB00000852416,CCMSLIB00000852485,1,H-2O1,263.128,249.149,13.978999999999985,[M+H]1+,qtof
CCMSLIB00000850015,CCMSLIB00000852491,1,C6H10O5,957.505,795.453,162.05200000000002,[M+H]1+,qtof
CCMSLIB00000854245,CCMSLIB00000852491,1,C6H10O5,957.505,795.453,162.05200000000002,[M+H]1+,qtof
CCMSLIB00000855255,CCMSLIB00000852522,1,C2H2O1,358.176,316.166,42.00999999999999,[M+H]1+,qtof
CCMSLIB00000855814,CCMSLIB00000852576,1,C10H16O8,940.526,676.442,264.08399999999995,[M+H]1+,qtof
CCMSLIB00000855841,CCMSLIB00000852576,1,C11H18O8,954.542,676.442,278.1,[M+H]1+,qtof
CCMSLIB00000854107,CCMSLIB00000852579,1,C2H2O2,409.222,351.217,58.004999999999995,[M+H]1+,qtof
CCMSLIB00000854767,CCMSLIB00000852613,1,C1H2,553.192,539.176,14.015999999999963,[M+H]1+,qtof
CCMSLIB00000853561,CCMSLIB00000852620,1,C6H10O4,597.181,451.123,146.05800000000005,[M+H]1+,qtof
CCMSLIB00000850918,CCMSLIB00000852655,1,O1,783.416,767.421,15.995000000000005,[M+H]1+,qtof
CCMSLIB00000854757,CCMSLIB00000852655,1,O1,783.416,767.421,15.995000000000005,[M+H]1+,qtof
CCMSLIB00000852686,CCMSLIB00000852687,1,O1,311.103,295.108,15.995000000000005,[M+H]1+,qtof
CCMSLIB00000853823,CCMSLIB00000852780,1,O1,1457.68,1441.68,16.0,[M+H]1+,qtof
CCMSLIB00000853195,CCMSLIB00000852795,1,O1,247.096,231.102,15.994,[M+H]1+,qtof
CCMSLIB00000846841,CCMSLIB00000852801,1,C1H2,211.144,197.128,14.01600000000002,[M+H]1+,qtof
CCMSLIB00000852170,CCMSLIB00000852805,1,O1,265.143,249.149,15.993999999999971,[M+H]1+,qtof
CCMSLIB00000850424,CCMSLIB00000852853,1,H-2O1,549.306,535.327,13.979000000000042,[M+H]1+,qtof
CCMSLIB00000850149,CCMSLIB00000852926,1,C1H2,349.237,335.222,14.015000000000043,[M+H]1+,qtof
CCMSLIB00000855408,CCMSLIB00000853006,1,H-2O1,957.505,943.526,13.979000000000042,[M+H]1+,qtof
CCMSLIB00000854315,CCMSLIB00000853020,1,O1,393.191,377.196,15.994999999999948,[M+H]1+,qtof
CCMSLIB00000855216,CCMSLIB00000853052,1,O1,281.138,265.143,15.995000000000005,[M+H]1+,qtof
CCMSLIB00000853673,CCMSLIB00000853068,1,C5H8O4,727.317,595.275,132.04200000000003,[M+H]1+,qtof
CCMSLIB00000845747,CCMSLIB00000853098,1,O1,370.149,354.155,15.994000000000028,[M+H]1+,qtof
CCMSLIB00000848674,CCMSLIB00000853098,1,O1,370.149,354.155,15.994000000000028,[M+H]1+,qtof
CCMSLIB00000848982,CCMSLIB00000853103,1,O1,276.123,260.128,15.995000000000005,[M+H]1+,qtof
CCMSLIB00000850221,CCMSLIB00000853110,1,C5H8O4,1059.36,927.313,132.0469999999999,[M+H]1+,qtof
CCMSLIB00000855612,CCMSLIB00000853132,1,C1H2O1,238.107,208.097,30.00999999999999,[M+H]1+,qtof
CCMSLIB00000854540,CCMSLIB00000853168,1,C1H2,427.181,413.165,14.015999999999963,[M+H]1+,qtof
CCMSLIB00000846711,CCMSLIB00000853226,1,C9H6O1,769.27,639.228,130.04200000000003,[M+H]1+,qtof
CCMSLIB00005721312,CCMSLIB00000853226,1,C9H6O1,769.272,639.228,130.0440000000001,[M+H]1+,qtof
CCMSLIB00000850495,CCMSLIB00000853244,1,O1,317.211,301.216,15.995000000000005,[M+H]1+,qtof
CCMSLIB00000853252,CCMSLIB00000853244,1,H-2O1,315.195,301.216,13.978999999999985,[M+H]1+,qtof
CCMSLIB00000854392,CCMSLIB00000853270,1,C11H10O4,757.255,551.197,206.058,[M+H]1+,qtof
CCMSLIB00000855678,CCMSLIB00000853270,1,C9H6O2,697.234,551.197,146.03700000000003,[M+H]1+,qtof
CCMSLIB00000856060,CCMSLIB00000853270,1,C9H6O2,697.234,551.197,146.03700000000003,[M+H]1+,qtof
CCMSLIB00000845263,CCMSLIB00000853274,1,O1,415.171,399.176,15.995000000000005,[M+H]1+,qtof
CCMSLIB00000848369,CCMSLIB00000853274,1,O1,415.171,399.176,15.995000000000005,[M+H]1+,qtof
CCMSLIB00000856009,CCMSLIB00000853299,1,C1H2,811.438,797.422,14.015999999999963,[M+H]1+,qtof
CCMSLIB00000847915,CCMSLIB00000853330,1,C10H6O5,657.156,451.135,206.02099999999996,[M+H]1+,qtof
CCMSLIB00000853333,CCMSLIB00000853330,1,C1H2,465.15,451.135,14.014999999999986,[M+H]1+,qtof
CCMSLIB00000849306,CCMSLIB00000853332,1,C3H4O3S1,413.126,293.138,119.988,[M+H]1+,qtof
CCMSLIB00000850435,CCMSLIB00000853332,1,C1H2O1,323.149,293.138,30.011000000000024,[M+H]1+,qtof
CCMSLIB00000848764,CCMSLIB00000853336,1,C1H2,670.417,656.402,14.014999999999986,[M+H]1+,qtof
CCMSLIB00005721866,CCMSLIB00000853336,1,C1H2,670.419,656.402,14.016999999999939,[M+H]1+,qtof
CCMSLIB00000853333,CCMSLIB00000853348,1,C2H2O1,465.15,423.14,42.00999999999999,[M+H]1+,qtof
CCMSLIB00000855726,CCMSLIB00000853364,1,O1,733.33,717.336,15.994000000000028,[M+H]1+,qtof
CCMSLIB00000854903,CCMSLIB00000853372,1,O1,553.301,537.306,15.995000000000005,[M+H]1+,qtof
CCMSLIB00000855690,CCMSLIB00000853372,1,C6H10O5,699.359,537.306,162.053,[M+H]1+,qtof
CCMSLIB00000850482,CCMSLIB00000853382,1,C5H6O1,473.253,391.212,82.041,[M+H]1+,qtof
CCMSLIB00000847267,CCMSLIB00000853430,1,O1,451.161,435.166,15.995000000000005,[M+H]1+,qtof
CCMSLIB00000852290,CCMSLIB00000853430,1,O1,451.161,435.166,15.995000000000005,[M+H]1+,qtof
CCMSLIB00000855051,CCMSLIB00000853434,1,C4H6O1,535.219,465.177,70.04200000000003,[M+H]1+,qtof
CCMSLIB00000854941,CCMSLIB00000853452,1,H-1Cl1,353.079,319.118,33.96100000000001,[M+H]1+,qtof
CCMSLIB00000852957,CCMSLIB00000853517,1,O1,475.233,459.238,15.995000000000005,[M+H]1+,qtof
CCMSLIB00000854443,CCMSLIB00000853534,1,C8H13N1O5,911.547,708.468,203.07900000000006,[M+H]1+,qtof
CCMSLIB00000849505,CCMSLIB00000853599,1,O1,253.18,237.185,15.995000000000005,[M+H]1+,qtof
CCMSLIB00000851254,CCMSLIB00000853599,1,O1,253.18,237.185,15.995000000000005,[M+H]1+,qtof
CCMSLIB00000852853,CCMSLIB00000853643,1,C1H2,535.327,521.311,14.015999999999963,[M+H]1+,qtof
CCMSLIB00000853372,CCMSLIB00000853643,1,O1,537.306,521.311,15.995000000000005,[M+H]1+,qtof
CCMSLIB00000848212,CCMSLIB00000853669,1,C10H8O3,545.165,369.118,176.04699999999997,[M+H]1+,qtof
CCMSLIB00000851008,CCMSLIB00000853770,1,O1,423.15,407.155,15.995000000000005,[M+H]1+,qtof
CCMSLIB00000852234,CCMSLIB00000853770,1,C9H6O3,569.186,407.155,162.03100000000006,[M+H]1+,qtof
CCMSLIB00000854335,CCMSLIB00000853770,1,C9H6O4,585.181,407.155,178.02600000000007,[M+H]1+,qtof
CCMSLIB00000854769,CCMSLIB00000853770,1,C7H6O1,513.197,407.155,106.04200000000003,[M+H]1+,qtof
CCMSLIB00000854899,CCMSLIB00000853770,1,O1,423.15,407.155,15.995000000000005,[M+H]1+,qtof
CCMSLIB00000855190,CCMSLIB00000853770,1,C9H6O1,537.197,407.155,130.04200000000003,[M+H]1+,qtof
CCMSLIB00000850239,CCMSLIB00000853799,1,O1,471.347,455.352,15.995000000000005,[M+H]1+,qtof
CCMSLIB00000845901,CCMSLIB00000853807,1,C12H20O9,1103.56,795.453,308.10699999999997,[M+H]1+,qtof
CCMSLIB00000849705,CCMSLIB00000853807,1,C6H10O5,957.505,795.453,162.05200000000002,[M+H]1+,qtof
CCMSLIB00000850015,CCMSLIB00000853807,1,C6H10O5,957.505,795.453,162.05200000000002,[M+H]1+,qtof
CCMSLIB00000854066,CCMSLIB00000853807,1,C6H10O5,957.505,795.453,162.05200000000002,[M+H]1+,qtof
CCMSLIB00000855476,CCMSLIB00000853829,1,C2H2O2,291.159,233.154,58.004999999999995,[M+H]1+,qtof
CCMSLIB00000852122,CCMSLIB00000853839,1,O1,489.357,473.363,15.994000000000028,[M+H]1+,qtof
CCMSLIB00000852908,CCMSLIB00000853843,1,C5H8O4,421.134,289.092,132.04200000000003,[M+H]1+,qtof
CCMSLIB00000853374,CCMSLIB00000853843,1,C6H8O4,433.134,289.092,144.04200000000003,[M+H]1+,qtof
CCMSLIB00000850581,CCMSLIB00000853852,1,O1,799.447,783.453,15.994000000000028,[M+H]1+,qtof
CCMSLIB00000846823,CCMSLIB00000853861,1,H-2O1,451.123,437.144,13.978999999999985,[M+H]1+,qtof
CCMSLIB00000853673,CCMSLIB00000853902,1,C5H8O4,727.317,595.275,132.04200000000003,[M+H]1+,qtof
CCMSLIB00000854743,CCMSLIB00000853911,1,O1,417.154,401.159,15.995000000000005,[M+H]1+,qtof
CCMSLIB00000847680,CCMSLIB00000853915,1,C1H2,479.176,465.16,14.015999999999963,[M+H]1+,qtof
CCMSLIB00000851666,CCMSLIB00000853993,1,O1,464.218,448.223,15.995000000000005,[M+H]1+,qtof
CCMSLIB00000853788,CCMSLIB00000854004,1,C2H2O1,541.243,499.233,42.01000000000005,[M+H]1+,qtof
CCMSLIB00000852888,CCMSLIB00000854021,1,O1,379.175,363.18,15.995000000000005,[M+H]1+,qtof
CCMSLIB00000850036,CCMSLIB00000854027,1,O1,405.139,389.144,15.995000000000005,[M+H]1+,qtof
CCMSLIB00000852883,CCMSLIB00000854027,1,O1,405.139,389.144,15.995000000000005,[M+H]1+,qtof
CCMSLIB00000852383,CCMSLIB00000854089,1,C1H2,423.14,409.124,14.015999999999963,[M+H]1+,qtof
CCMSLIB00000845029,CCMSLIB00000854090,1,O1,393.227,377.232,15.994999999999948,[M+H]1+,qtof
CCMSLIB00000854405,CCMSLIB00000854208,1,C2H2O1,720.25,678.239,42.01099999999997,[M+H]1+,qtof
CCMSLIB00000847705,CCMSLIB00000854218,1,C4H6O4,399.165,281.138,118.02700000000004,[M+H]1+,qtof
CCMSLIB00000855904,CCMSLIB00000854218,1,C4H7N1O3,398.181,281.138,117.043,[M+H]1+,qtof
CCMSLIB00000855455,CCMSLIB00000854236,1,C1H2,321.17,307.154,14.01600000000002,[M+H]1+,qtof
CCMSLIB00000851005,CCMSLIB00000854255,1,H-2O1,333.206,319.227,13.979000000000042,[M+H]1+,qtof
CCMSLIB00000852821,CCMSLIB00000854295,1,O3S1,493.116,413.159,79.957,[M+H]1+,qtof
CCMSLIB00000849933,CCMSLIB00000854301,1,C7H8O3,531.186,391.139,140.04700000000003,[M+H]1+,qtof
CCMSLIB00000851395,CCMSLIB00000854301,1,O1,407.134,391.139,15.995000000000005,[M+H]1+,qtof
CCMSLIB00000846205,CCMSLIB00000854329,1,C1H2,373.201,359.185,14.01600000000002,[M+H]1+,qtof
CCMSLIB00000848841,CCMSLIB00000854329,1,C1H2,373.201,359.185,14.01600000000002,[M+H]1+,qtof
CCMSLIB00000851040,CCMSLIB00000854339,1,C2H2O2,1121.57,1063.57,58.0,[M+H]1+,qtof
CCMSLIB00000852707,CCMSLIB00000854356,1,O1,475.16,459.165,15.995000000000005,[M+H]1+,qtof
CCMSLIB00000852258,CCMSLIB00000854367,1,H-2O1,317.211,303.232,13.978999999999985,[M+H]1+,qtof
CCMSLIB00000849703,CCMSLIB00000854370,1,O1,505.352,489.357,15.994999999999948,[M+H]1+,qtof
CCMSLIB00000852108,CCMSLIB00000854373,1,C1H2,347.185,333.17,14.014999999999986,[M+H]1+,qtof
CCMSLIB00000850533,CCMSLIB00000854405,1,C2H2O1,762.26,720.25,42.00999999999999,[M+H]1+,qtof
CCMSLIB00000853534,CCMSLIB00000854480,1,C1H2,708.468,694.452,14.015999999999963,[M+H]1+,qtof
CCMSLIB00000855252,CCMSLIB00000854525,1,C1H2,477.248,463.233,14.014999999999986,[M+H]1+,qtof
CCMSLIB00000854152,CCMSLIB00000854553,1,O1,307.154,291.159,15.995000000000005,[M+H]1+,qtof
CCMSLIB00000848480,CCMSLIB00000854571,1,C1,285.112,273.112,12.0,[M+H]1+,qtof
CCMSLIB00000854593,CCMSLIB00000854571,1,C1H2O1,303.123,273.112,30.010999999999967,[M+H]1+,qtof
CCMSLIB00000846405,CCMSLIB00000854585,1,H-2O1,597.181,583.202,13.979000000000042,[M+H]1+,qtof
CCMSLIB00005721281,CCMSLIB00000854585,1,H-2O1,597.183,583.202,13.980999999999995,[M+H]1+,qtof
CCMSLIB00000850695,CCMSLIB00000854601,1,C1H2,475.233,461.217,14.01600000000002,[M+H]1+,qtof
CCMSLIB00000853601,CCMSLIB00000854698,1,C2H2O2,530.275,472.269,58.00599999999997,[M+H]1+,qtof
CCMSLIB00000851627,CCMSLIB00000854747,1,O1,434.29,418.295,15.995000000000005,[M+H]1+,qtof
CCMSLIB00000850450,CCMSLIB00000854763,1,O1,261.123,245.128,15.995000000000005,[M+H]1+,qtof
CCMSLIB00000855634,CCMSLIB00000854789,1,O1,539.176,523.181,15.995000000000005,[M+H]1+,qtof
CCMSLIB00000849520,CCMSLIB00000854795,1,C6H10O5,1283.59,1121.54,162.04999999999995,[M+H]1+,qtof
CCMSLIB00000854295,CCMSLIB00000854897,1,C8H6O2,413.159,279.123,134.036,[M+H]1+,qtof
CCMSLIB00000846158,CCMSLIB00000854975,1,O1,355.102,339.107,15.994999999999948,[M+H]1+,qtof
CCMSLIB00000847508,CCMSLIB00000854975,1,O1,355.102,339.107,15.994999999999948,[M+H]1+,qtof
CCMSLIB00000852261,CCMSLIB00000854975,1,C1H2O1,369.118,339.107,30.010999999999967,[M+H]1+,qtof
CCMSLIB00000851766,CCMSLIB00000855009,1,O1,408.238,392.243,15.995000000000005,[M+H]1+,qtof
CCMSLIB00000854620,CCMSLIB00000855009,1,O1,408.238,392.243,15.995000000000005,[M+H]1+,qtof
CCMSLIB00000855252,CCMSLIB00000855011,1,C1H2,477.248,463.233,14.014999999999986,[M+H]1+,qtof
CCMSLIB00000851985,CCMSLIB00000855015,1,C6H10O5,779.239,617.186,162.053,[M+H]1+,qtof
CCMSLIB00000851607,CCMSLIB00000855075,1,C1H2,293.102,279.086,14.015999999999963,[M+H]1+,qtof
CCMSLIB00000855398,CCMSLIB00000855075,1,C1H2,293.102,279.086,14.015999999999963,[M+H]1+,qtof
CCMSLIB00000854783,CCMSLIB00000855097,1,C6H10O5,1061.55,899.5,162.04999999999995,[M+H]1+,qtof
CCMSLIB00000851176,CCMSLIB00000855103,1,O1,349.201,333.206,15.995000000000005,[M+H]1+,qtof
CCMSLIB00000852310,CCMSLIB00000855167,1,O1,328.166,312.171,15.995000000000005,[M+H]1+,qtof
CCMSLIB00000852462,CCMSLIB00000855180,1,C2H2O1,755.385,713.374,42.01099999999997,[M+H]1+,qtof
CCMSLIB00000854747,CCMSLIB00000855246,1,O1,418.295,402.3,15.995000000000005,[M+H]1+,qtof
CCMSLIB00000852758,CCMSLIB00000855348,1,C8H5N1,441.229,326.186,115.043,[M+H]1+,qtof
CCMSLIB00000853452,CCMSLIB00000855394,1,C1H2,319.118,305.102,14.01600000000002,[M+H]1+,qtof
CCMSLIB00000846974,CCMSLIB00000855420,1,C2H4O1,434.173,390.147,44.02600000000001,[M+H]1+,qtof
CCMSLIB00000847730,CCMSLIB00000855420,1,C3H4O2,462.168,390.147,72.02100000000002,[M+H]1+,qtof
CCMSLIB00000848681,CCMSLIB00000855420,1,C5H7N1O3,519.189,390.147,129.04199999999997,[M+H]1+,qtof
CCMSLIB00000849883,CCMSLIB00000855420,1,C6H11N1O2,519.226,390.147,129.079,[M+H]1+,qtof
CCMSLIB00000850596,CCMSLIB00000855420,1,C5H6O4,520.173,390.147,130.026,[M+H]1+,qtof
CCMSLIB00000851759,CCMSLIB00000855420,1,C4H6O2,476.183,390.147,86.036,[M+H]1+,qtof
CCMSLIB00000852969,CCMSLIB00000855420,1,C6H11N3O2,547.232,390.147,157.08499999999998,[M+H]1+,qtof
CCMSLIB00000850461,CCMSLIB00000855458,1,H-2O1,305.247,291.268,13.979000000000042,[M+H]1+,qtof
CCMSLIB00000854548,CCMSLIB00000855458,1,H-2O1,305.247,291.268,13.979000000000042,[M+H]1+,qtof
CCMSLIB00000847744,CCMSLIB00000855508,1,C1H2,479.29,465.275,14.015000000000043,[M+H]1+,qtof
CCMSLIB00000854795,CCMSLIB00000855549,1,O1,1121.54,1105.54,16.0,[M+H]1+,qtof
CCMSLIB00000854799,CCMSLIB00000855549,1,C6H10O5,1267.6,1105.54,162.05999999999995,[M+H]1+,qtof
CCMSLIB00000850495,CCMSLIB00000855657,1,H-2O1,317.211,303.232,13.978999999999985,[M+H]1+,qtof
CCMSLIB00000850839,CCMSLIB00000855712,1,C5H6O4,516.259,386.233,130.026,[M+H]1+,qtof
CCMSLIB00000850959,CCMSLIB00000855712,1,C2H2O2,444.238,386.233,58.004999999999995,[M+H]1+,qtof
CCMSLIB00000851125,CCMSLIB00000855712,1,C5H6O4,516.259,386.233,130.026,[M+H]1+,qtof
CCMSLIB00000851314,CCMSLIB00000855712,1,C5H7N1O3,515.275,386.233,129.04199999999997,[M+H]1+,qtof
CCMSLIB00000851619,CCMSLIB00000855712,1,C5H6O4,516.259,386.233,130.026,[M+H]1+,qtof
CCMSLIB00000851772,CCMSLIB00000855712,1,O1,402.228,386.233,15.995000000000005,[M+H]1+,qtof
CCMSLIB00000852729,CCMSLIB00000855712,1,C2H4O1,430.259,386.233,44.02600000000001,[M+H]1+,qtof
CCMSLIB00000854939,CCMSLIB00000855712,1,C2H2O2,444.238,386.233,58.004999999999995,[M+H]1+,qtof
CCMSLIB00000855237,CCMSLIB00000855712,1,C6H11N3O2,543.318,386.233,157.08499999999998,[M+H]1+,qtof
CCMSLIB00000855351,CCMSLIB00000855722,1,O1,379.248,363.253,15.995000000000005,[M+H]1+,qtof
CCMSLIB00000846661,CCMSLIB00000855790,1,C6H4,334.155,258.124,76.03099999999995,[M+H]1+,qtof
CCMSLIB00000851149,CCMSLIB00000855790,1,C3H2N2,324.146,258.124,66.02199999999999,[M+H]1+,qtof
CCMSLIB00000851819,CCMSLIB00000855790,1,C8H5N1,373.166,258.124,115.04199999999997,[M+H]1+,qtof
CCMSLIB00000855348,CCMSLIB00000855790,1,C5H8,326.186,258.124,68.06199999999995,[M+H]1+,qtof
CCMSLIB00000853621,CCMSLIB00000855814,1,C6H10O5,1102.58,940.526,162.05399999999997,[M+H]1+,qtof
CCMSLIB00000855841,CCMSLIB00000855814,1,C1H2,954.542,940.526,14.016000000000076,[M+H]1+,qtof
CCMSLIB00000856082,CCMSLIB00000855819,1,C5H8O4,1103.56,971.521,132.039,[M+H]1+,qtof
CCMSLIB00000852830,CCMSLIB00000855849,1,C2O2,349.201,293.211,55.99000000000001,[M+H]1+,qtof
CCMSLIB00000855387,CCMSLIB00000855849,1,C2H2O2,351.217,293.211,58.00599999999997,[M+H]1+,qtof
CCMSLIB00000852392,CCMSLIB00000855886,1,C1H2,626.376,612.36,14.015999999999963,[M+H]1+,qtof
CCMSLIB00000855113,CCMSLIB00000855973,1,O1,342.155,326.16,15.994999999999948,[M+H]1+,qtof
CCMSLIB00000854397,CCMSLIB00000855995,1,C2H2O2,977.414,919.408,58.00599999999997,[M+H]1+,qtof
CCMSLIB00000855989,CCMSLIB00000856005,1,C2H2O1,533.238,491.228,42.01000000000005,[M+H]1+,qtof
CCMSLIB00000854933,CCMSLIB00000856054,1,C2H2O1,447.238,405.227,42.011000000000024,[M+H]1+,qtof
CCMSLIB00000855404,CCMSLIB00000856054,1,C2H2O1,447.238,405.227,42.011000000000024,[M+H]1+,qtof
CCMSLIB00000854224,CCMSLIB00000856076,1,C1H2,779.494,765.478,14.016000000000076,[M+H]1+,qtof
CCMSLIB00000855665,CCMSLIB00000856089,1,C1O2,543.197,499.207,43.99000000000001,[M+H]1+,qtof
CCMSLIB00000851288,CCMSLIB00000856117,1,C7H4O1,585.197,481.17,104.02699999999999,[M+H]1+,qtof
CCMSLIB00000854291,CCMSLIB00000856129,1,O1,1065.55,1049.55,16.0,[M+H]1+,qtof
CCMSLIB00000850257,CCMSLIB00000856142,1,C6H10O5,679.369,517.316,162.053,[M+H]1+,qtof
CCMSLIB00000852947,CCMSLIB00000856162,1,C1H2,351.253,337.237,14.015999999999963,[M+H]1+,qtof
CCMSLIB00000845214,CCMSLIB00005721107,1,O1,451.123,435.13,15.992999999999995,[M+H]1+,qtof
CCMSLIB00000845634,CCMSLIB00005721107,1,C6H10O4,581.186,435.13,146.05600000000004,[M+H]1+,qtof
CCMSLIB00000846405,CCMSLIB00005721107,1,C6H10O5,597.181,435.13,162.05100000000004,[M+H]1+,qtof
CCMSLIB00000847961,CCMSLIB00005721107,1,O1,451.123,435.13,15.992999999999995,[M+H]1+,qtof
CCMSLIB00005721111,CCMSLIB00005721107,1,O1,451.126,435.13,15.995999999999981,[M+H]1+,qtof
CCMSLIB00005721281,CCMSLIB00005721107,1,C6H10O5,597.183,435.13,162.053,[M+H]1+,qtof
CCMSLIB00000847856,CCMSLIB00005721111,1,O1,467.118,451.126,15.992000000000019,[M+H]1+,qtof
CCMSLIB00005721381,CCMSLIB00005721111,1,O1,467.119,451.126,15.993000000000052,[M+H]1+,qtof
CCMSLIB00000854329,CCMSLIB00005721113,1,C1H2O1,359.185,329.175,30.00999999999999,[M+H]1+,qtof
CCMSLIB00000848602,CCMSLIB00005721124,1,C1H2,567.171,553.156,14.0150000000001,[M+H]1+,qtof
CCMSLIB00005721152,CCMSLIB00005721124,1,C1H2,567.17,553.156,14.01400000000001,[M+H]1+,qtof
CCMSLIB00000848656,CCMSLIB00005721145,1,C7H4O1,489.154,385.129,104.02499999999998,[M+H]1+,qtof
CCMSLIB00000848818,CCMSLIB00005721145,1,C7H4O1,489.154,385.129,104.02499999999998,[M+H]1+,qtof
CCMSLIB00000845378,CCMSLIB00005721165,1,C1H2O1,595.165,565.157,30.007999999999925,[M+H]1+,qtof
CCMSLIB00000847333,CCMSLIB00005721165,1,C1H2O1,595.165,565.157,30.007999999999925,[M+H]1+,qtof
CCMSLIB00005721178,CCMSLIB00005721165,1,C1H2O1,595.167,565.157,30.00999999999999,[M+H]1+,qtof
CCMSLIB00000848461,CCMSLIB00005721179,1,C6H10O4,595.165,449.109,146.05599999999998,[M+H]1+,qtof
CCMSLIB00000847397,CCMSLIB00005721186,1,O1,787.265,771.27,15.995000000000005,[M+H]1+,qtof
CCMSLIB00000848205,CCMSLIB00005721205,1,C2H2O1,425.232,383.221,42.011000000000024,[M+H]1+,qtof
CCMSLIB00000850036,CCMSLIB00005721210,1,O1,405.139,389.145,15.994000000000028,[M+H]1+,qtof
CCMSLIB00000852883,CCMSLIB00005721210,1,O1,405.139,389.145,15.994000000000028,[M+H]1+,qtof
CCMSLIB00000848164,CCMSLIB00005721228,1,O1,355.102,339.108,15.993999999999971,[M+H]1+,qtof
CCMSLIB00000848634,CCMSLIB00005721228,1,O1,355.102,339.108,15.993999999999971,[M+H]1+,qtof
CCMSLIB00000853669,CCMSLIB00005721228,1,C1H2O1,369.118,339.108,30.00999999999999,[M+H]1+,qtof
CCMSLIB00000847866,CCMSLIB00005721231,1,C1H2,193.049,179.033,14.01600000000002,[M+H]1+,qtof
CCMSLIB00000848608,CCMSLIB00005721250,1,C1H2O1,487.144,457.134,30.00999999999999,[M+H]1+,qtof
CCMSLIB00000852148,CCMSLIB00005721260,1,C5H6O3,425.144,311.114,114.03000000000003,[M+H]1+,qtof
CCMSLIB00000846494,CCMSLIB00005721269,1,C1H2,449.108,435.094,14.01400000000001,[M+H]1+,qtof
CCMSLIB00000848314,CCMSLIB00005721269,1,C1H2,449.108,435.094,14.01400000000001,[M+H]1+,qtof
CCMSLIB00005721425,CCMSLIB00005721269,1,C1H2,449.109,435.094,14.014999999999986,[M+H]1+,qtof
CCMSLIB00000847763,CCMSLIB00005721270,1,C5H8,367.226,299.164,68.06200000000001,[M+H]1+,qtof
CCMSLIB00000845838,CCMSLIB00005721306,1,C6H10O5,713.228,551.18,162.048,[M+H]1+,qtof
CCMSLIB00000845675,CCMSLIB00005721314,1,C9H6O2,541.17,395.134,146.03599999999994,[M+H]1+,qtof
CCMSLIB00005721521,CCMSLIB00005721314,1,C9H6O2,541.173,395.134,146.039,[M+H]1+,qtof
CCMSLIB00000847616,CCMSLIB00005721328,1,H-2O1,559.123,545.143,13.980000000000018,[M+H]1+,qtof
CCMSLIB00000847467,CCMSLIB00005721371,1,C1H2O1,565.155,535.146,30.009000000000015,[M+H]1+,qtof
CCMSLIB00000848866,CCMSLIB00005721371,1,C1H2O1,565.155,535.146,30.009000000000015,[M+H]1+,qtof
CCMSLIB00005721165,CCMSLIB00005721371,1,C1H2O1,565.157,535.146,30.01100000000008,[M+H]1+,qtof
CCMSLIB00000848262,CCMSLIB00005721382,1,C5H6O1,387.144,305.102,82.04200000000003,[M+H]1+,qtof
CCMSLIB00000848891,CCMSLIB00005721391,1,C5H8,381.206,313.143,68.06300000000005,[M+H]1+,qtof
CCMSLIB00005721217,CCMSLIB00005721391,1,C5H8,381.207,313.143,68.06400000000002,[M+H]1+,qtof
CCMSLIB00000847225,CCMSLIB00005721397,1,C6H10O4,771.27,625.213,146.05700000000002,[M+H]1+,qtof
CCMSLIB00005721186,CCMSLIB00005721397,1,C6H10O4,771.27,625.213,146.05700000000002,[M+H]1+,qtof
CCMSLIB00000850906,CCMSLIB00005721407,1,H-2O1,873.411,859.433,13.977999999999952,[M+H]1+,qtof
CCMSLIB00000848858,CCMSLIB00005721422,1,C4H8,351.253,295.192,56.06099999999998,[M+H]1+,qtof
CCMSLIB00005721170,CCMSLIB00005721422,1,C4H8,351.255,295.192,56.06299999999999,[M+H]1+,qtof
CCMSLIB00000853587,CCMSLIB00005721428,1,O1,587.344,571.348,15.996000000000095,[M+H]1+,qtof
CCMSLIB00000847877,CCMSLIB00005721437,1,C1H2,209.081,195.066,14.014999999999986,[M+H]1+,qtof
CCMSLIB00000845709,CCMSLIB00005721451,1,C7H4O4,753.129,601.119,152.01,[M+H]1+,qtof
CCMSLIB00000845561,CCMSLIB00005721457,1,C3H6,397.149,355.104,42.045000000000016,[M+H]1+,qtof
CCMSLIB00000847709,CCMSLIB00005721458,1,C2H2O1,289.107,247.098,42.009000000000015,[M+H]1+,qtof
CCMSLIB00000847826,CCMSLIB00005721467,1,C7H4O5,633.108,465.103,168.00499999999994,[M+H]1+,qtof
CCMSLIB00000848904,CCMSLIB00005721467,1,C1H2,479.118,465.103,14.014999999999986,[M+H]1+,qtof
CCMSLIB00000848954,CCMSLIB00005721467,1,C7H4O4,617.113,465.103,152.01000000000005,[M+H]1+,qtof
CCMSLIB00000849015,CCMSLIB00005721467,1,O1,481.097,465.103,15.993999999999971,[M+H]1+,qtof
CCMSLIB00005721617,CCMSLIB00005721467,1,C1H2,479.119,465.103,14.01600000000002,[M+H]1+,qtof
CCMSLIB00000847571,CCMSLIB00005721480,1,C7H4O2,529.134,409.113,120.02100000000002,[M+H]1+,qtof
CCMSLIB00000848044,CCMSLIB00005721480,1,C7H4O4,561.124,409.113,152.01100000000002,[M+H]1+,qtof
CCMSLIB00005721465,CCMSLIB00005721480,1,C7H4O2,529.136,409.113,120.02299999999997,[M+H]1+,qtof
CCMSLIB00000847579,CCMSLIB00005721504,1,O1,427.138,411.145,15.992999999999995,[M+H]1+,qtof
CCMSLIB00000848712,CCMSLIB00005721512,1,H-2O1,467.118,453.139,13.978999999999985,[M+H]1+,qtof
CCMSLIB00000846458,CCMSLIB00005721518,1,C1H2,223.06,209.045,14.015000000000015,[M+H]1+,qtof
CCMSLIB00000848962,CCMSLIB00005721518,1,C1H2,223.06,209.045,14.015000000000015,[M+H]1+,qtof
CCMSLIB00000845075,CCMSLIB00005721525,1,H-1Cl1,395.044,361.083,33.960999999999956,[M+H]1+,qtof
CCMSLIB00000847616,CCMSLIB00005721542,1,O1,559.123,543.129,15.994000000000028,[M+H]1+,qtof
CCMSLIB00000847925,CCMSLIB00005721542,1,O1,559.123,543.129,15.994000000000028,[M+H]1+,qtof
CCMSLIB00000847225,CCMSLIB00005721546,1,C1H2,771.27,757.26,14.009999999999991,[M+H]1+,qtof
CCMSLIB00000847397,CCMSLIB00005721546,1,C1H2O1,787.265,757.26,30.004999999999995,[M+H]1+,qtof
CCMSLIB00005721186,CCMSLIB00005721546,1,C1H2,771.27,757.26,14.009999999999991,[M+H]1+,qtof
CCMSLIB00000848864,CCMSLIB00005721597,1,C6H10O5,563.176,401.125,162.05100000000004,[M+H]1+,qtof
CCMSLIB00000849060,CCMSLIB00005721597,1,C1H2,415.138,401.125,14.012999999999977,[M+H]1+,qtof
CCMSLIB00005721171,CCMSLIB00005721597,1,C6H10O5,563.178,401.125,162.053,[M+H]1+,qtof
CCMSLIB00000848602,CCMSLIB00005721602,1,O1,567.171,551.179,15.992000000000075,[M+H]1+,qtof
CCMSLIB00005721152,CCMSLIB00005721602,1,O1,567.17,551.179,15.990999999999985,[M+H]1+,qtof
CCMSLIB00000846839,CCMSLIB00005721607,1,O1,601.355,585.361,15.994000000000028,[M+H]1+,qtof
CCMSLIB00000847365,CCMSLIB00005721614,1,C2H2O2,379.248,321.243,58.004999999999995,[M+H]1+,qtof
CCMSLIB00000846805,CCMSLIB00005721617,1,O1,495.113,479.119,15.993999999999971,[M+H]1+,qtof
CCMSLIB00000847006,CCMSLIB00005721617,1,C2H2O1,521.129,479.119,42.00999999999999,[M+H]1+,qtof
CCMSLIB00000848276,CCMSLIB00005721621,1,H-1Cl1,417.014,383.052,33.96199999999999,[M+H]1+,qtof
CCMSLIB00000848160,CCMSLIB00005721643,1,C7H4O4,459.092,307.082,152.01,[M+H]1+,qtof
CCMSLIB00000848832,CCMSLIB00005721678,1,O1,313.143,297.149,15.993999999999971,[M+H]1+,qtof
CCMSLIB00000845295,CCMSLIB00005721705,1,C2H2O1,443.243,401.231,42.012,[M+H]1+,qtof
CCMSLIB00000848706,CCMSLIB00005721705,1,C2H2O1,443.243,401.231,42.012,[M+H]1+,qtof
CCMSLIB00000848732,CCMSLIB00005721714,1,C1H2,355.102,341.086,14.015999999999963,[M+H]1+,qtof
CCMSLIB00000845854,CCMSLIB00005721716,1,C5H8O4,595.165,463.124,132.04099999999994,[M+H]1+,qtof
CCMSLIB00000845854,CCMSLIB00005721717,1,C5H8O4,595.165,463.125,132.03999999999996,[M+H]1+,qtof
CCMSLIB00000848682,CCMSLIB00005721723,1,C1H2,540.316,526.302,14.01400000000001,[M+H]1+,qtof
CCMSLIB00000847680,CCMSLIB00005721729,1,C5H8O4,479.176,347.135,132.041,[M+H]1+,qtof
CCMSLIB00000848140,CCMSLIB00005721729,1,C5H8O4,479.176,347.135,132.041,[M+H]1+,qtof
CCMSLIB00000845600,CCMSLIB00005721730,1,C1H2,415.138,401.124,14.013999999999953,[M+H]1+,qtof
CCMSLIB00000848162,CCMSLIB00005721779,1,C6H8O4,661.176,517.136,144.04000000000008,[M+H]1+,qtof
CCMSLIB00005721208,CCMSLIB00005721779,1,C6H8O4,661.174,517.136,144.038,[M+H]1+,qtof
CCMSLIB00000847500,CCMSLIB00005721798,1,C5H8O4,423.128,291.087,132.041,[M+H]1+,qtof
CCMSLIB00000848138,CCMSLIB00005721798,1,O1,307.081,291.087,15.994000000000028,[M+H]1+,qtof
CCMSLIB00000848341,CCMSLIB00005721798,1,C5H8O4,423.128,291.087,132.041,[M+H]1+,qtof
CCMSLIB00000848636,CCMSLIB00005721798,1,C5H8O4,423.128,291.087,132.041,[M+H]1+,qtof
CCMSLIB00000848693,CCMSLIB00005721798,1,H-2O1,305.065,291.087,13.978000000000009,[M+H]1+,qtof
CCMSLIB00005721576,CCMSLIB00005721798,1,C5H8O4,423.128,291.087,132.041,[M+H]1+,qtof
CCMSLIB00005721643,CCMSLIB00005721798,1,O1,307.082,291.087,15.995000000000005,[M+H]1+,qtof
CCMSLIB00000845216,CCMSLIB00005721819,1,C2H2O2,381.154,323.149,58.004999999999995,[M+H]1+,qtof
CCMSLIB00000845281,CCMSLIB00005721827,1,C6H10O4,917.292,771.236,146.05600000000004,[M+H]1+,qtof
CCMSLIB00000847954,CCMSLIB00005721827,1,C1H2O1,801.245,771.236,30.009000000000015,[M+H]1+,qtof
CCMSLIB00000846029,CCMSLIB00005721828,1,C6H10O4,625.212,479.156,146.05599999999998,[M+H]1+,qtof
CCMSLIB00000846831,CCMSLIB00005721838,1,C1H2O1,385.128,355.118,30.00999999999999,[M+H]1+,qtof
CCMSLIB00000845219,CCMSLIB00005721868,1,C1H2,401.108,387.093,14.014999999999986,[M+H]1+,qtof
CCMSLIB00000846078,CCMSLIB00005721874,1,C1H2,401.253,387.238,14.014999999999986,[M+H]1+,qtof
CCMSLIB00005722386,CCMSLIB00005721928,1,C5H8,381.206,313.144,68.06200000000001,[M+H]1+,orbitrap
CCMSLIB00005722490,CCMSLIB00005721972,1,O1,377.16,361.165,15.995000000000005,[M+H]1+,orbitrap
CCMSLIB00005722804,CCMSLIB00005722005,1,C1H2,353.103,339.087,14.01600000000002,[M+H]1+,orbitrap
CCMSLIB00005722119,CCMSLIB00005722034,1,C1H2,357.227,343.211,14.015999999999963,[M+H]1+,orbitrap
CCMSLIB00005722331,CCMSLIB00005722160,1,C8H14O2,560.38,418.28,142.10000000000002,[M+H]1+,orbitrap
CCMSLIB00005721898,CCMSLIB00005722258,1,C1H2O1,417.154,387.144,30.00999999999999,[M+H]1+,orbitrap
CCMSLIB00005722421,CCMSLIB00005722258,1,C1H2O1,417.154,387.144,30.00999999999999,[M+H]1+,orbitrap
CCMSLIB00005722306,CCMSLIB00005722299,1,C2H4O1,309.133,265.107,44.025999999999954,[M+H]1+,orbitrap
CCMSLIB00005722894,CCMSLIB00005722350,1,C2H4,314.248,286.217,28.031000000000006,[M+H]1+,orbitrap
CCMSLIB00005721911,CCMSLIB00005722357,1,C8H12O3,795.436,639.358,156.0780000000001,[M+H]1+,orbitrap
CCMSLIB00005722373,CCMSLIB00005722357,1,C2H2O1,681.369,639.358,42.01100000000008,[M+H]1+,orbitrap
CCMSLIB00005722440,CCMSLIB00005722357,1,C8H12O3,795.437,639.358,156.07900000000006,[M+H]1+,orbitrap
CCMSLIB00005722776,CCMSLIB00005722357,1,C6H10O2,753.427,639.358,114.06900000000007,[M+H]1+,orbitrap
CCMSLIB00005722791,CCMSLIB00005722357,1,C7H10O3,781.422,639.358,142.06400000000008,[M+H]1+,orbitrap
CCMSLIB00005722536,CCMSLIB00005722470,1,C2H2O1,584.249,542.239,42.00999999999999,[M+H]1+,orbitrap
CCMSLIB00005722788,CCMSLIB00005722519,1,C1H2,525.29,511.275,14.014999999999986,[M+H]1+,orbitrap
CCMSLIB00005722306,CCMSLIB00005722529,1,C1H2,309.133,295.118,14.014999999999986,[M+H]1+,orbitrap
CCMSLIB00005721927,CCMSLIB00005722532,1,O1,433.222,417.227,15.995000000000005,[M+H]1+,orbitrap
CCMSLIB00005722127,CCMSLIB00005722544,1,C10H17N1O3,759.439,560.318,199.12099999999998,[M+H]1+,orbitrap
CCMSLIB00005723094,CCMSLIB00005722591,1,C1H2,415.139,401.123,14.01600000000002,[M+H]1+,orbitrap
CCMSLIB00005722080,CCMSLIB00005722626,1,O1,407.185,391.191,15.994000000000028,[M+H]1+,orbitrap
CCMSLIB00005722743,CCMSLIB00005722633,1,O1,323.091,307.097,15.994000000000028,[M+H]1+,orbitrap
CCMSLIB00005722354,CCMSLIB00005722670,1,C1H2O1,253.086,223.076,30.01000000000002,[M+H]1+,orbitrap
CCMSLIB00005722685,CCMSLIB00005722670,1,O1,239.07,223.076,15.994,[M+H]1+,orbitrap
CCMSLIB00005722753,CCMSLIB00005722670,1,C1H2O1,253.086,223.076,30.01000000000002,[M+H]1+,orbitrap
CCMSLIB00005722722,CCMSLIB00005722683,1,C1H2O1,293.081,263.07,30.011000000000024,[M+H]1+,orbitrap
CCMSLIB00005722364,CCMSLIB00005722720,1,C5H6O1,387.144,305.102,82.04200000000003,[M+H]1+,orbitrap
CCMSLIB00005722278,CCMSLIB00005722732,1,O1,425.195,409.201,15.993999999999971,[M+H]1+,orbitrap
CCMSLIB00005722005,CCMSLIB00005722743,1,O1,339.087,323.091,15.995999999999981,[M+H]1+,orbitrap
CCMSLIB00005723167,CCMSLIB00005722743,1,C1H2,337.107,323.091,14.01600000000002,[M+H]1+,orbitrap
CCMSLIB00005721911,CCMSLIB00005722776,1,C2H2O1,795.436,753.427,42.009000000000015,[M+H]1+,orbitrap
CCMSLIB00005722440,CCMSLIB00005722776,1,C2H2O1,795.437,753.427,42.00999999999999,[M+H]1+,orbitrap
CCMSLIB00005722357,CCMSLIB00005722788,1,C6H10O2,639.358,525.29,114.06799999999998,[M+H]1+,orbitrap
CCMSLIB00005722373,CCMSLIB00005722788,1,C8H12O3,681.369,525.29,156.07900000000006,[M+H]1+,orbitrap
CCMSLIB00005722776,CCMSLIB00005722788,1,C12H20O4,753.427,525.29,228.13700000000006,[M+H]1+,orbitrap
CCMSLIB00005722791,CCMSLIB00005722788,1,C13H20O5,781.422,525.29,256.13200000000006,[M+H]1+,orbitrap
CCMSLIB00005721911,CCMSLIB00005722791,1,C1H2,795.436,781.422,14.01400000000001,[M+H]1+,orbitrap
CCMSLIB00005722440,CCMSLIB00005722791,1,C1H2,795.437,781.422,14.014999999999986,[M+H]1+,orbitrap
CCMSLIB00005721911,CCMSLIB00005722830,1,C1H2O1,795.436,765.426,30.00999999999999,[M+H]1+,orbitrap
CCMSLIB00005722440,CCMSLIB00005722830,1,C1H2O1,795.437,765.426,30.010999999999967,[M+H]1+,orbitrap
CCMSLIB00005722766,CCMSLIB00005722830,1,C1H2O1,795.437,765.426,30.010999999999967,[M+H]1+,orbitrap
CCMSLIB00005722855,CCMSLIB00005722853,1,C5H8O1,369.17,285.112,84.05799999999999,[M+H]1+,orbitrap
CCMSLIB00005722873,CCMSLIB00005722853,1,C5H8O1,369.17,285.112,84.05799999999999,[M+H]1+,orbitrap
CCMSLIB00005722973,CCMSLIB00005722853,1,C5H10O2,387.181,285.112,102.06899999999996,[M+H]1+,orbitrap
CCMSLIB00005722626,CCMSLIB00005722860,1,C5H8,391.191,323.128,68.06299999999999,[M+H]1+,orbitrap
CCMSLIB00005722304,CCMSLIB00005722914,1,C5H8,367.227,299.164,68.06299999999999,[M+H]1+,orbitrap
CCMSLIB00005722559,CCMSLIB00005723081,1,C2H2O2,379.248,321.243,58.004999999999995,[M+H]1+,orbitrap
CCMSLIB00005721948,CCMSLIB00005723089,1,C1,401.196,389.196,12.0,[M+H]1+,orbitrap
CCMSLIB00005723075,CCMSLIB00005723090,1,C1H2,405.17,391.154,14.01600000000002,[M+H]1+,orbitrap
CCMSLIB00005722598,CCMSLIB00005723103,1,O1,345.133,329.139,15.993999999999971,[M+H]1+,orbitrap
CCMSLIB00005722319,CCMSLIB00005723121,1,C1H2,401.253,387.238,14.014999999999986,[M+H]1+,orbitrap
CCMSLIB00005723051,CCMSLIB00005723137,1,C1H2,419.207,405.191,14.01600000000002,[M+H]1+,orbitrap
CCMSLIB00005723055,CCMSLIB00005723137,1,C1H2,419.207,405.191,14.01600000000002,[M+H]1+,orbitrap
CCMSLIB00005723051,CCMSLIB00005723151,1,C1H2,419.207,405.191,14.01600000000002,[M+H]1+,orbitrap
CCMSLIB00005723055,CCMSLIB00005723151,1,C1H2,419.207,405.191,14.01600000000002,[M+H]1+,orbitrap
CCMSLIB00005723004,CCMSLIB00005723152,1,C1H2,254.139,240.123,14.01600000000002,[M+H]1+,orbitrap
CCMSLIB00005722804,CCMSLIB00005723167,1,O1,353.103,337.107,15.995999999999981,[M+H]1+,orbitrap
CCMSLIB00005722900,CCMSLIB00005723184,1,C1H2O1,289.107,259.097,30.010000000000048,[M+H]1+,orbitrap
